#! /c/Source/iverilog-install/bin/vvp
:ivl_version "12.0 (devel)" "(s20150603-1539-g2693dd32b)";
:ivl_delay_selection "TYPICAL";
:vpi_time_precision - 12;
:vpi_module "C:\iverilog\lib\ivl\system.vpi";
:vpi_module "C:\iverilog\lib\ivl\vhdl_sys.vpi";
:vpi_module "C:\iverilog\lib\ivl\vhdl_textio.vpi";
:vpi_module "C:\iverilog\lib\ivl\v2005_math.vpi";
:vpi_module "C:\iverilog\lib\ivl\va_math.vpi";
S_0000022fb236e910 .scope module, "Tb_dump_approx_add" "Tb_dump_approx_add" 2 4;
 .timescale -9 -12;
v0000022fb23ff0e0_0 .var "a", 31 0;
v0000022fb23ff220_0 .var "b", 31 0;
v0000022fb23ff360_0 .var/i "exact_errors", 31 0;
v0000022fb23ff400_0 .var "expected", 31 0;
v0000022fb23ff900_0 .var/i "fd_in", 31 0;
v0000022fb23ff4a0_0 .var/i "fd_out", 31 0;
v0000022fb23fcca0_0 .var/i "r", 31 0;
v0000022fb23fd380_0 .net "r2", 31 0, v0000022fb23eba00_0;  1 drivers
v0000022fb23fdce0_0 .net "r4", 31 0, v0000022fb23f1360_0;  1 drivers
v0000022fb23fe6e0_0 .net "r8", 31 0, v0000022fb23f4c90_0;  1 drivers
v0000022fb23fd880_0 .net "r_exact", 31 0, v0000022fb23fff40_0;  1 drivers
v0000022fb23fd420_0 .var "sub", 0 0;
v0000022fb23fcb60_0 .var/i "total", 31 0;
S_0000022fb238e6b0 .scope module, "dut2" "fp_adder_subtractor_approx" 2 15, 3 16 0, S_0000022fb236e910;
 .timescale -9 -12;
    .port_info 0 /INPUT 32 "a";
    .port_info 1 /INPUT 32 "b";
    .port_info 2 /INPUT 1 "sub";
    .port_info 3 /OUTPUT 32 "result";
    .port_info 4 /OUTPUT 1 "overflow";
    .port_info 5 /OUTPUT 1 "underflow";
    .port_info 6 /OUTPUT 1 "invalid";
P_0000022fb23859b0 .param/l "MAX_SHIFT" 0 3 17, +C4<00000000000000000000000000000010>;
P_0000022fb23859e8 .param/l "SHIFT_BITS" 1 3 101, +C4<00000000000000000000000000000010>;
L_0000022fb2386620 .functor XOR 1, L_0000022fb2460e60, v0000022fb23fd420_0, C4<0>, C4<0>;
L_0000022fb2387030 .functor AND 1, L_0000022fb24623a0, L_0000022fb24615e0, C4<1>, C4<1>;
L_0000022fb2386bd0 .functor AND 1, L_0000022fb2461540, L_0000022fb2462b20, C4<1>, C4<1>;
L_0000022fb2386c40 .functor AND 1, L_0000022fb2462080, L_0000022fb2460f00, C4<1>, C4<1>;
L_0000022fb23870a0 .functor AND 1, L_0000022fb2461f40, L_0000022fb2462800, C4<1>, C4<1>;
L_0000022fb2386cb0 .functor OR 1, L_0000022fb2462c60, v0000022fb23ed290_0, C4<0>, C4<0>;
L_0000022fb2387ab0 .functor XNOR 1, v0000022fb23ed650_0, v0000022fb23ec6b0_0, C4<0>, C4<0>;
L_0000022fb23871f0 .functor AND 1, L_0000022fb2465960, L_0000022fb24651e0, C4<1>, C4<1>;
L_0000022fb2387b20 .functor OR 1, L_0000022fb2465140, L_0000022fb2464ce0, C4<0>, C4<0>;
L_0000022fb2387260 .functor OR 1, L_0000022fb2387b20, L_0000022fb2465640, C4<0>, C4<0>;
L_0000022fb2387b90 .functor AND 1, L_0000022fb24656e0, L_0000022fb2387260, C4<1>, C4<1>;
L_0000022fb2387c00 .functor OR 1, L_0000022fb2464600, v0000022fb23eb8c0_0, C4<0>, C4<0>;
v0000022fb236df20_0 .net *"_ivl_101", 0 0, L_0000022fb2462c60;  1 drivers
v0000022fb236e240_0 .net *"_ivl_102", 0 0, L_0000022fb2386cb0;  1 drivers
L_0000022fb2402628 .functor BUFT 1, C4<0>, C4<0>, C4<0>, C4<0>;
v0000022fb236c580_0 .net/2u *"_ivl_108", 0 0, L_0000022fb2402628;  1 drivers
v0000022fb236cc60_0 .net *"_ivl_110", 27 0, L_0000022fb2464d80;  1 drivers
L_0000022fb2402670 .functor BUFT 1, C4<0>, C4<0>, C4<0>, C4<0>;
v0000022fb236cee0_0 .net/2u *"_ivl_112", 0 0, L_0000022fb2402670;  1 drivers
v0000022fb236d020_0 .net *"_ivl_114", 27 0, L_0000022fb24646a0;  1 drivers
L_0000022fb24026b8 .functor BUFT 1, C4<0>, C4<0>, C4<0>, C4<0>;
v0000022fb236d0c0_0 .net/2u *"_ivl_118", 0 0, L_0000022fb24026b8;  1 drivers
v0000022fb236d160_0 .net *"_ivl_120", 27 0, L_0000022fb2464560;  1 drivers
L_0000022fb2402700 .functor BUFT 1, C4<0>, C4<0>, C4<0>, C4<0>;
v0000022fb236d480_0 .net/2u *"_ivl_122", 0 0, L_0000022fb2402700;  1 drivers
v0000022fb23e9bd0_0 .net *"_ivl_124", 27 0, L_0000022fb2465460;  1 drivers
v0000022fb23e91d0_0 .net *"_ivl_131", 0 0, L_0000022fb2465960;  1 drivers
L_0000022fb2402748 .functor BUFT 1, C4<0000000000000000000000000000>, C4<0>, C4<0>, C4<0>;
v0000022fb23e94f0_0 .net/2u *"_ivl_132", 27 0, L_0000022fb2402748;  1 drivers
v0000022fb23e8230_0 .net *"_ivl_134", 0 0, L_0000022fb24651e0;  1 drivers
v0000022fb23e9270_0 .net *"_ivl_137", 0 0, L_0000022fb23871f0;  1 drivers
L_0000022fb2402790 .functor BUFT 1, C4<0>, C4<0>, C4<0>, C4<0>;
v0000022fb23e9d10_0 .net/2u *"_ivl_138", 0 0, L_0000022fb2402790;  1 drivers
L_0000022fb2402118 .functor BUFT 1, C4<11111111>, C4<0>, C4<0>, C4<0>;
v0000022fb23e8050_0 .net/2u *"_ivl_14", 7 0, L_0000022fb2402118;  1 drivers
v0000022fb23e8ff0_0 .net *"_ivl_150", 0 0, L_0000022fb2387b20;  1 drivers
v0000022fb23e8c30_0 .net *"_ivl_153", 0 0, L_0000022fb2465640;  1 drivers
v0000022fb23e9090_0 .net *"_ivl_154", 0 0, L_0000022fb2387260;  1 drivers
v0000022fb23e9810_0 .net *"_ivl_158", 24 0, L_0000022fb2465820;  1 drivers
v0000022fb23e9e50_0 .net *"_ivl_16", 0 0, L_0000022fb24623a0;  1 drivers
L_0000022fb24027d8 .functor BUFT 1, C4<0>, C4<0>, C4<0>, C4<0>;
v0000022fb23e9950_0 .net *"_ivl_161", 0 0, L_0000022fb24027d8;  1 drivers
v0000022fb23e9130_0 .net *"_ivl_162", 24 0, L_0000022fb2463520;  1 drivers
L_0000022fb2402820 .functor BUFT 1, C4<000000000000000000000000>, C4<0>, C4<0>, C4<0>;
v0000022fb23e82d0_0 .net *"_ivl_165", 23 0, L_0000022fb2402820;  1 drivers
L_0000022fb2402868 .functor BUFT 1, C4<011111111>, C4<0>, C4<0>, C4<0>;
v0000022fb23e8d70_0 .net/2u *"_ivl_168", 8 0, L_0000022fb2402868;  1 drivers
L_0000022fb24028b0 .functor BUFT 1, C4<000000000>, C4<0>, C4<0>, C4<0>;
v0000022fb23e8eb0_0 .net/2u *"_ivl_172", 8 0, L_0000022fb24028b0;  1 drivers
v0000022fb23e80f0_0 .net *"_ivl_174", 0 0, L_0000022fb2464600;  1 drivers
L_0000022fb24028f8 .functor BUFT 1, C4<11111111>, C4<0>, C4<0>, C4<0>;
v0000022fb23e96d0_0 .net/2u *"_ivl_178", 7 0, L_0000022fb24028f8;  1 drivers
L_0000022fb2402160 .functor BUFT 1, C4<00000000000000000000000>, C4<0>, C4<0>, C4<0>;
v0000022fb23e9310_0 .net/2u *"_ivl_18", 22 0, L_0000022fb2402160;  1 drivers
L_0000022fb2402940 .functor BUFT 1, C4<00000000000000000000000>, C4<0>, C4<0>, C4<0>;
v0000022fb23e93b0_0 .net/2u *"_ivl_180", 22 0, L_0000022fb2402940;  1 drivers
v0000022fb23e8cd0_0 .net *"_ivl_182", 31 0, L_0000022fb2464380;  1 drivers
L_0000022fb2402988 .functor BUFT 1, C4<0000000000000000000000000000000>, C4<0>, C4<0>, C4<0>;
v0000022fb23e99f0_0 .net/2u *"_ivl_184", 30 0, L_0000022fb2402988;  1 drivers
v0000022fb23e8f50_0 .net *"_ivl_186", 31 0, L_0000022fb2463e80;  1 drivers
v0000022fb23e9db0_0 .net *"_ivl_189", 7 0, L_0000022fb2465780;  1 drivers
v0000022fb23e8370_0 .net *"_ivl_191", 22 0, L_0000022fb24641a0;  1 drivers
v0000022fb23e8410_0 .net *"_ivl_192", 31 0, L_0000022fb24658c0;  1 drivers
v0000022fb23e8730_0 .net *"_ivl_194", 31 0, L_0000022fb2465280;  1 drivers
v0000022fb23e8190_0 .net *"_ivl_20", 0 0, L_0000022fb24615e0;  1 drivers
L_0000022fb24021a8 .functor BUFT 1, C4<11111111>, C4<0>, C4<0>, C4<0>;
v0000022fb23e84b0_0 .net/2u *"_ivl_24", 7 0, L_0000022fb24021a8;  1 drivers
v0000022fb23e98b0_0 .net *"_ivl_26", 0 0, L_0000022fb2461540;  1 drivers
L_0000022fb24021f0 .functor BUFT 1, C4<00000000000000000000000>, C4<0>, C4<0>, C4<0>;
v0000022fb23e9ef0_0 .net/2u *"_ivl_28", 22 0, L_0000022fb24021f0;  1 drivers
v0000022fb23e8550_0 .net *"_ivl_30", 0 0, L_0000022fb2462b20;  1 drivers
L_0000022fb2402238 .functor BUFT 1, C4<11111111>, C4<0>, C4<0>, C4<0>;
v0000022fb23e85f0_0 .net/2u *"_ivl_34", 7 0, L_0000022fb2402238;  1 drivers
v0000022fb23e9450_0 .net *"_ivl_36", 0 0, L_0000022fb2462080;  1 drivers
L_0000022fb2402280 .functor BUFT 1, C4<00000000000000000000000>, C4<0>, C4<0>, C4<0>;
v0000022fb23e9590_0 .net/2u *"_ivl_38", 22 0, L_0000022fb2402280;  1 drivers
v0000022fb23e9630_0 .net *"_ivl_40", 0 0, L_0000022fb2460f00;  1 drivers
L_0000022fb24022c8 .functor BUFT 1, C4<11111111>, C4<0>, C4<0>, C4<0>;
v0000022fb23e89b0_0 .net/2u *"_ivl_44", 7 0, L_0000022fb24022c8;  1 drivers
v0000022fb23e9b30_0 .net *"_ivl_46", 0 0, L_0000022fb2461f40;  1 drivers
L_0000022fb2402310 .functor BUFT 1, C4<00000000000000000000000>, C4<0>, C4<0>, C4<0>;
v0000022fb23e9770_0 .net/2u *"_ivl_48", 22 0, L_0000022fb2402310;  1 drivers
v0000022fb23e8690_0 .net *"_ivl_50", 0 0, L_0000022fb2462800;  1 drivers
L_0000022fb2402358 .functor BUFT 1, C4<00000000>, C4<0>, C4<0>, C4<0>;
v0000022fb23e9a90_0 .net/2u *"_ivl_54", 7 0, L_0000022fb2402358;  1 drivers
L_0000022fb24023a0 .functor BUFT 1, C4<00000000>, C4<0>, C4<0>, C4<0>;
v0000022fb23e87d0_0 .net/2u *"_ivl_58", 7 0, L_0000022fb24023a0;  1 drivers
L_0000022fb24023e8 .functor BUFT 1, C4<1>, C4<0>, C4<0>, C4<0>;
v0000022fb23e9c70_0 .net/2u *"_ivl_62", 0 0, L_0000022fb24023e8;  1 drivers
L_0000022fb2402430 .functor BUFT 1, C4<1>, C4<0>, C4<0>, C4<0>;
v0000022fb23e8870_0 .net/2u *"_ivl_66", 0 0, L_0000022fb2402430;  1 drivers
v0000022fb23e8910_0 .net *"_ivl_7", 0 0, L_0000022fb2460e60;  1 drivers
L_0000022fb2402478 .functor BUFT 1, C4<0>, C4<0>, C4<0>, C4<0>;
v0000022fb23e8a50_0 .net/2u *"_ivl_70", 0 0, L_0000022fb2402478;  1 drivers
v0000022fb23e8af0_0 .net *"_ivl_72", 8 0, L_0000022fb2461400;  1 drivers
L_0000022fb24024c0 .functor BUFT 1, C4<0>, C4<0>, C4<0>, C4<0>;
v0000022fb23e8b90_0 .net/2u *"_ivl_74", 0 0, L_0000022fb24024c0;  1 drivers
v0000022fb23e8e10_0 .net *"_ivl_76", 8 0, L_0000022fb2461fe0;  1 drivers
L_0000022fb2402508 .functor BUFT 1, C4<000>, C4<0>, C4<0>, C4<0>;
v0000022fb23eb280_0 .net/2u *"_ivl_80", 2 0, L_0000022fb2402508;  1 drivers
v0000022fb23eaba0_0 .net *"_ivl_84", 31 0, L_0000022fb2461220;  1 drivers
L_0000022fb2402550 .functor BUFT 1, C4<00000000000000000000000>, C4<0>, C4<0>, C4<0>;
v0000022fb23eb320_0 .net *"_ivl_87", 22 0, L_0000022fb2402550;  1 drivers
L_0000022fb2402598 .functor BUFT 1, C4<00000000000000000000000000000010>, C4<0>, C4<0>, C4<0>;
v0000022fb23ebc80_0 .net/2u *"_ivl_88", 31 0, L_0000022fb2402598;  1 drivers
L_0000022fb24025e0 .functor BUFT 1, C4<00>, C4<0>, C4<0>, C4<0>;
v0000022fb23eb820_0 .net/2u *"_ivl_92", 1 0, L_0000022fb24025e0;  1 drivers
v0000022fb23eb500_0 .net *"_ivl_95", 1 0, L_0000022fb24621c0;  1 drivers
v0000022fb23ea240_0 .net *"_ivl_99", 25 0, L_0000022fb2462bc0;  1 drivers
v0000022fb23eb3c0_0 .net "a", 31 0, v0000022fb23ff0e0_0;  1 drivers
v0000022fb23ea060_0 .net "a_is_inf", 0 0, L_0000022fb2386c40;  1 drivers
v0000022fb23ebd20_0 .net "a_is_nan", 0 0, L_0000022fb2387030;  1 drivers
v0000022fb23eb000_0 .net "a_is_zero", 0 0, L_0000022fb2460fa0;  1 drivers
v0000022fb23ea380_0 .net "b", 31 0, v0000022fb23ff220_0;  1 drivers
v0000022fb23eac40_0 .net "b_is_inf", 0 0, L_0000022fb23870a0;  1 drivers
v0000022fb23eb0a0_0 .net "b_is_nan", 0 0, L_0000022fb2386bd0;  1 drivers
v0000022fb23ea7e0_0 .net "b_is_zero", 0 0, L_0000022fb2461040;  1 drivers
v0000022fb23eaec0_0 .net "beyond_range", 0 0, L_0000022fb24617c0;  1 drivers
v0000022fb23ebe60_0 .net "clamped_shift", 1 0, L_0000022fb2462440;  1 drivers
v0000022fb23eaa60_0 .net "diff_ext", 27 0, L_0000022fb2464880;  1 drivers
v0000022fb23ea2e0_0 .net "exp_a", 7 0, L_0000022fb2461ea0;  1 drivers
v0000022fb23ea100_0 .net "exp_b", 7 0, L_0000022fb2462300;  1 drivers
v0000022fb23ebf00_0 .net/s "exp_diff", 8 0, L_0000022fb24626c0;  1 drivers
v0000022fb23eb780_0 .var "exp_large", 7 0;
v0000022fb23eab00_0 .var "final_exp", 8 0;
v0000022fb23ea420_0 .var "final_mant", 23 0;
v0000022fb23ea1a0_0 .net "frac_a", 22 0, L_0000022fb2462260;  1 drivers
v0000022fb23ea4c0_0 .net "frac_b", 22 0, L_0000022fb2462580;  1 drivers
v0000022fb23ea560_0 .net "guard_bit", 0 0, L_0000022fb24656e0;  1 drivers
v0000022fb23eb460_0 .var "invalid", 0 0;
v0000022fb23eb5a0_0 .var "lz", 4 0;
v0000022fb23ea600_0 .net "mant_a", 23 0, L_0000022fb24610e0;  1 drivers
v0000022fb23ea880_0 .net "mant_b", 23 0, L_0000022fb2461180;  1 drivers
v0000022fb23ea920_0 .var "mant_large", 23 0;
v0000022fb23eace0_0 .net "mant_large_ext", 26 0, L_0000022fb24628a0;  1 drivers
v0000022fb23ea6a0_0 .net "mant_rounded", 24 0, L_0000022fb2464240;  1 drivers
v0000022fb23ea740_0 .net "mant_small_aligned", 26 0, L_0000022fb2462d00;  1 drivers
v0000022fb23ea9c0_0 .var "mant_small_raw", 23 0;
v0000022fb23eb640_0 .var "mant_small_shifted", 26 0;
v0000022fb23ead80_0 .net "mant_trunc", 23 0, L_0000022fb24649c0;  1 drivers
v0000022fb23ebbe0_0 .var "norm_exp", 8 0;
v0000022fb23eb6e0_0 .var "norm_mant", 27 0;
v0000022fb23eb8c0_0 .var "norm_zero", 0 0;
v0000022fb23eae20_0 .net "normal_overflow", 0 0, L_0000022fb24632a0;  1 drivers
v0000022fb23eaf60_0 .net "normal_result", 31 0, L_0000022fb2463d40;  1 drivers
v0000022fb23ebdc0_0 .net "normal_underflow", 0 0, L_0000022fb2387c00;  1 drivers
v0000022fb23eb140_0 .var "overflow", 0 0;
L_0000022fb24029d0 .functor BUFT 1, C4<01111111110000000000000000000000>, C4<0>, C4<0>, C4<0>;
v0000022fb23eb1e0_0 .net "qnan", 31 0, L_0000022fb24029d0;  1 drivers
v0000022fb23eb960_0 .net "raw_result", 27 0, L_0000022fb24655a0;  1 drivers
v0000022fb23eba00_0 .var "result", 31 0;
v0000022fb23ebaa0_0 .net "result_sign", 0 0, L_0000022fb2464100;  1 drivers
v0000022fb23ebb40_0 .net "round_bit", 0 0, L_0000022fb2465140;  1 drivers
v0000022fb23ec430_0 .net "round_up", 0 0, L_0000022fb2387b90;  1 drivers
v0000022fb23ed6f0_0 .net "same_sign", 0 0, L_0000022fb2387ab0;  1 drivers
v0000022fb23ec4d0_0 .var "shift_amt", 8 0;
v0000022fb23ec7f0_0 .net "sign_a", 0 0, L_0000022fb24614a0;  1 drivers
v0000022fb23eddd0_0 .net "sign_b", 0 0, L_0000022fb2386620;  1 drivers
v0000022fb23ed650_0 .var "sign_large", 0 0;
v0000022fb23ec6b0_0 .var "sign_small", 0 0;
v0000022fb23ec110_0 .net "sticky_bit", 0 0, L_0000022fb2464ce0;  1 drivers
v0000022fb23ed290_0 .var "sticky_from_shift", 0 0;
v0000022fb23ec750_0 .net "sub", 0 0, v0000022fb23fd420_0;  1 drivers
v0000022fb23ed790_0 .net "sum_ext", 27 0, L_0000022fb24644c0;  1 drivers
v0000022fb23eca70_0 .var "underflow", 0 0;
E_0000022fb2368230/0 .event anyedge, v0000022fb23ebd20_0, v0000022fb23eb0a0_0, v0000022fb23eb1e0_0, v0000022fb23ea060_0;
E_0000022fb2368230/1 .event anyedge, v0000022fb23eac40_0, v0000022fb23ec7f0_0, v0000022fb23eddd0_0, v0000022fb23eb000_0;
E_0000022fb2368230/2 .event anyedge, v0000022fb23ea7e0_0, v0000022fb23ea100_0, v0000022fb23ea4c0_0, v0000022fb23ea2e0_0;
E_0000022fb2368230/3 .event anyedge, v0000022fb23ea1a0_0, v0000022fb23eaf60_0, v0000022fb23eae20_0, v0000022fb23ebdc0_0;
E_0000022fb2368230 .event/or E_0000022fb2368230/0, E_0000022fb2368230/1, E_0000022fb2368230/2, E_0000022fb2368230/3;
E_0000022fb2367830 .event anyedge, v0000022fb23ea6a0_0, v0000022fb23ebbe0_0;
E_0000022fb23679b0/0 .event anyedge, v0000022fb23eb960_0, v0000022fb23ed6f0_0, v0000022fb23eb8c0_0, v0000022fb23eb780_0;
E_0000022fb23679b0/1 .event anyedge, v0000022fb23eb5a0_0, v0000022fb23eb6e0_0;
E_0000022fb23679b0 .event/or E_0000022fb23679b0/0, E_0000022fb23679b0/1;
E_0000022fb2368330 .event anyedge, v0000022fb23eaec0_0, v0000022fb23ea9c0_0, v0000022fb23ebe60_0;
E_0000022fb2367f70/0 .event anyedge, v0000022fb23ebf00_0, v0000022fb23ec7f0_0, v0000022fb23ea2e0_0, v0000022fb23ea600_0;
E_0000022fb2367f70/1 .event anyedge, v0000022fb23eddd0_0, v0000022fb23ea880_0, v0000022fb23ea100_0;
E_0000022fb2367f70 .event/or E_0000022fb2367f70/0, E_0000022fb2367f70/1;
L_0000022fb24614a0 .part v0000022fb23ff0e0_0, 31, 1;
L_0000022fb2461ea0 .part v0000022fb23ff0e0_0, 23, 8;
L_0000022fb2462260 .part v0000022fb23ff0e0_0, 0, 23;
L_0000022fb2460e60 .part v0000022fb23ff220_0, 31, 1;
L_0000022fb2462300 .part v0000022fb23ff220_0, 23, 8;
L_0000022fb2462580 .part v0000022fb23ff220_0, 0, 23;
L_0000022fb24623a0 .cmp/eq 8, L_0000022fb2461ea0, L_0000022fb2402118;
L_0000022fb24615e0 .cmp/ne 23, L_0000022fb2462260, L_0000022fb2402160;
L_0000022fb2461540 .cmp/eq 8, L_0000022fb2462300, L_0000022fb24021a8;
L_0000022fb2462b20 .cmp/ne 23, L_0000022fb2462580, L_0000022fb24021f0;
L_0000022fb2462080 .cmp/eq 8, L_0000022fb2461ea0, L_0000022fb2402238;
L_0000022fb2460f00 .cmp/eq 23, L_0000022fb2462260, L_0000022fb2402280;
L_0000022fb2461f40 .cmp/eq 8, L_0000022fb2462300, L_0000022fb24022c8;
L_0000022fb2462800 .cmp/eq 23, L_0000022fb2462580, L_0000022fb2402310;
L_0000022fb2460fa0 .cmp/eq 8, L_0000022fb2461ea0, L_0000022fb2402358;
L_0000022fb2461040 .cmp/eq 8, L_0000022fb2462300, L_0000022fb24023a0;
L_0000022fb24610e0 .concat [ 23 1 0 0], L_0000022fb2462260, L_0000022fb24023e8;
L_0000022fb2461180 .concat [ 23 1 0 0], L_0000022fb2462580, L_0000022fb2402430;
L_0000022fb2461400 .concat [ 8 1 0 0], L_0000022fb2461ea0, L_0000022fb2402478;
L_0000022fb2461fe0 .concat [ 8 1 0 0], L_0000022fb2462300, L_0000022fb24024c0;
L_0000022fb24626c0 .arith/sub 9, L_0000022fb2461400, L_0000022fb2461fe0;
L_0000022fb24628a0 .concat [ 3 24 0 0], L_0000022fb2402508, v0000022fb23ea920_0;
L_0000022fb2461220 .concat [ 9 23 0 0], v0000022fb23ec4d0_0, L_0000022fb2402550;
L_0000022fb24617c0 .cmp/gt 32, L_0000022fb2461220, L_0000022fb2402598;
L_0000022fb24621c0 .part v0000022fb23ec4d0_0, 0, 2;
L_0000022fb2462440 .functor MUXZ 2, L_0000022fb24621c0, L_0000022fb24025e0, L_0000022fb24617c0, C4<>;
L_0000022fb2462bc0 .part v0000022fb23eb640_0, 1, 26;
L_0000022fb2462c60 .part v0000022fb23eb640_0, 0, 1;
L_0000022fb2462d00 .concat [ 1 26 0 0], L_0000022fb2386cb0, L_0000022fb2462bc0;
L_0000022fb2464d80 .concat [ 27 1 0 0], L_0000022fb24628a0, L_0000022fb2402628;
L_0000022fb24646a0 .concat [ 27 1 0 0], L_0000022fb2462d00, L_0000022fb2402670;
L_0000022fb24644c0 .arith/sum 28, L_0000022fb2464d80, L_0000022fb24646a0;
L_0000022fb2464560 .concat [ 27 1 0 0], L_0000022fb24628a0, L_0000022fb24026b8;
L_0000022fb2465460 .concat [ 27 1 0 0], L_0000022fb2462d00, L_0000022fb2402700;
L_0000022fb2464880 .arith/sub 28, L_0000022fb2464560, L_0000022fb2465460;
L_0000022fb24655a0 .functor MUXZ 28, L_0000022fb2464880, L_0000022fb24644c0, L_0000022fb2387ab0, C4<>;
L_0000022fb2465960 .reduce/nor L_0000022fb2387ab0;
L_0000022fb24651e0 .cmp/eq 28, L_0000022fb24655a0, L_0000022fb2402748;
L_0000022fb2464100 .functor MUXZ 1, v0000022fb23ed650_0, L_0000022fb2402790, L_0000022fb23871f0, C4<>;
L_0000022fb24656e0 .part v0000022fb23eb6e0_0, 2, 1;
L_0000022fb2465140 .part v0000022fb23eb6e0_0, 1, 1;
L_0000022fb2464ce0 .part v0000022fb23eb6e0_0, 0, 1;
L_0000022fb24649c0 .part v0000022fb23eb6e0_0, 3, 24;
L_0000022fb2465640 .part L_0000022fb24649c0, 0, 1;
L_0000022fb2465820 .concat [ 24 1 0 0], L_0000022fb24649c0, L_0000022fb24027d8;
L_0000022fb2463520 .concat [ 1 24 0 0], L_0000022fb2387b90, L_0000022fb2402820;
L_0000022fb2464240 .arith/sum 25, L_0000022fb2465820, L_0000022fb2463520;
L_0000022fb24632a0 .cmp/ge 9, v0000022fb23eab00_0, L_0000022fb2402868;
L_0000022fb2464600 .cmp/ge 9, L_0000022fb24028b0, v0000022fb23eab00_0;
L_0000022fb2464380 .concat [ 23 8 1 0], L_0000022fb2402940, L_0000022fb24028f8, L_0000022fb2464100;
L_0000022fb2463e80 .concat [ 31 1 0 0], L_0000022fb2402988, L_0000022fb2464100;
L_0000022fb2465780 .part v0000022fb23eab00_0, 0, 8;
L_0000022fb24641a0 .part v0000022fb23ea420_0, 0, 23;
L_0000022fb24658c0 .concat [ 23 8 1 0], L_0000022fb24641a0, L_0000022fb2465780, L_0000022fb2464100;
L_0000022fb2465280 .functor MUXZ 32, L_0000022fb24658c0, L_0000022fb2463e80, L_0000022fb2387c00, C4<>;
L_0000022fb2463d40 .functor MUXZ 32, L_0000022fb2465280, L_0000022fb2464380, L_0000022fb24632a0, C4<>;
S_0000022fb22e06d0 .scope function.vec4.s5, "lzc27" "lzc27" 3 138, 3 138 0, S_0000022fb238e6b0;
 .timescale -9 -12;
v0000022fb236cbc0_0 .var/i "i", 31 0;
; Variable lzc27 is vec4 return value of scope S_0000022fb22e06d0
v0000022fb236de80_0 .var "v", 26 0;
TD_Tb_dump_approx_add.dut2.lzc27 ;
    %pushi/vec4 27, 0, 5;
    %ret/vec4 0, 0, 5;  Assign to lzc27 (store_vec4_to_lval)
    %pushi/vec4 26, 0, 32;
    %store/vec4 v0000022fb236cbc0_0, 0, 32;
T_0.0 ;
    %load/vec4 v0000022fb236cbc0_0;
    %cmpi/s 0, 0, 32;
    %flag_inv 5; GE is !LT
    %jmp/0xz T_0.1, 5;
    %load/vec4 v0000022fb236de80_0;
    %load/vec4 v0000022fb236cbc0_0;
    %part/s 1;
    %flag_set/vec4 9;
    %flag_get/vec4 9;
    %jmp/0 T_0.4, 9;
    %retload/vec4 0; Load lzc27 (draw_signal_vec4)
    %pad/u 32;
    %pushi/vec4 27, 0, 32;
    %cmp/e;
    %flag_get/vec4 4;
    %and;
T_0.4;
    %flag_set/vec4 8;
    %jmp/0xz  T_0.2, 8;
    %pushi/vec4 26, 0, 32;
    %load/vec4 v0000022fb236cbc0_0;
    %sub;
    %pad/s 5;
    %ret/vec4 0, 0, 5;  Assign to lzc27 (store_vec4_to_lval)
T_0.2 ;
    %load/vec4 v0000022fb236cbc0_0;
    %subi 1, 0, 32;
    %store/vec4 v0000022fb236cbc0_0, 0, 32;
    %jmp T_0.0;
T_0.1 ;
    %end;
S_0000022fb238f020 .scope module, "dut4" "fp_adder_subtractor_approx" 2 14, 3 16 0, S_0000022fb236e910;
 .timescale -9 -12;
    .port_info 0 /INPUT 32 "a";
    .port_info 1 /INPUT 32 "b";
    .port_info 2 /INPUT 1 "sub";
    .port_info 3 /OUTPUT 32 "result";
    .port_info 4 /OUTPUT 1 "overflow";
    .port_info 5 /OUTPUT 1 "underflow";
    .port_info 6 /OUTPUT 1 "invalid";
P_0000022fb2385bb0 .param/l "MAX_SHIFT" 0 3 17, +C4<00000000000000000000000000000100>;
P_0000022fb2385be8 .param/l "SHIFT_BITS" 1 3 101, +C4<00000000000000000000000000000011>;
L_0000022fb2386770 .functor XOR 1, L_0000022fb24679e0, v0000022fb23fd420_0, C4<0>, C4<0>;
L_0000022fb2387180 .functor AND 1, L_0000022fb24674e0, L_0000022fb2467d00, C4<1>, C4<1>;
L_0000022fb23878f0 .functor AND 1, L_0000022fb2467da0, L_0000022fb2468840, C4<1>, C4<1>;
L_0000022fb23879d0 .functor AND 1, L_0000022fb24683e0, L_0000022fb24688e0, C4<1>, C4<1>;
L_0000022fb2387ce0 .functor AND 1, L_0000022fb2468700, L_0000022fb24687a0, C4<1>, C4<1>;
L_0000022fb2387c70 .functor OR 1, L_0000022fb2461860, v0000022fb23f1f40_0, C4<0>, C4<0>;
L_0000022fb2387ff0 .functor XNOR 1, v0000022fb23f1fe0_0, v0000022fb23f1d60_0, C4<0>, C4<0>;
L_0000022fb2386d20 .functor AND 1, L_0000022fb2461a40, L_0000022fb2461c20, C4<1>, C4<1>;
L_0000022fb23867e0 .functor OR 1, L_0000022fb2461cc0, L_0000022fb2462e40, C4<0>, C4<0>;
L_0000022fb2387ea0 .functor OR 1, L_0000022fb23867e0, L_0000022fb24630c0, C4<0>, C4<0>;
L_0000022fb2387a40 .functor AND 1, L_0000022fb2460d20, L_0000022fb2387ea0, C4<1>, C4<1>;
L_0000022fb2386540 .functor OR 1, L_0000022fb2462a80, v0000022fb23f1860_0, C4<0>, C4<0>;
v0000022fb23ed8d0_0 .net *"_ivl_101", 0 0, L_0000022fb2461860;  1 drivers
v0000022fb23ed010_0 .net *"_ivl_102", 0 0, L_0000022fb2387c70;  1 drivers
L_0000022fb2401d28 .functor BUFT 1, C4<0>, C4<0>, C4<0>, C4<0>;
v0000022fb23ed1f0_0 .net/2u *"_ivl_108", 0 0, L_0000022fb2401d28;  1 drivers
v0000022fb23ed970_0 .net *"_ivl_110", 27 0, L_0000022fb2461b80;  1 drivers
L_0000022fb2401d70 .functor BUFT 1, C4<0>, C4<0>, C4<0>, C4<0>;
v0000022fb23ece30_0 .net/2u *"_ivl_112", 0 0, L_0000022fb2401d70;  1 drivers
v0000022fb23eda10_0 .net *"_ivl_114", 27 0, L_0000022fb2460c80;  1 drivers
L_0000022fb2401db8 .functor BUFT 1, C4<0>, C4<0>, C4<0>, C4<0>;
v0000022fb23ecd90_0 .net/2u *"_ivl_118", 0 0, L_0000022fb2401db8;  1 drivers
v0000022fb23edbf0_0 .net *"_ivl_120", 27 0, L_0000022fb2462da0;  1 drivers
L_0000022fb2401e00 .functor BUFT 1, C4<0>, C4<0>, C4<0>, C4<0>;
v0000022fb23ec1b0_0 .net/2u *"_ivl_122", 0 0, L_0000022fb2401e00;  1 drivers
v0000022fb23ecbb0_0 .net *"_ivl_124", 27 0, L_0000022fb2462940;  1 drivers
v0000022fb23ecc50_0 .net *"_ivl_131", 0 0, L_0000022fb2461a40;  1 drivers
L_0000022fb2401e48 .functor BUFT 1, C4<0000000000000000000000000000>, C4<0>, C4<0>, C4<0>;
v0000022fb23edf10_0 .net/2u *"_ivl_132", 27 0, L_0000022fb2401e48;  1 drivers
v0000022fb23ed830_0 .net *"_ivl_134", 0 0, L_0000022fb2461c20;  1 drivers
v0000022fb23ed3d0_0 .net *"_ivl_137", 0 0, L_0000022fb2386d20;  1 drivers
L_0000022fb2401e90 .functor BUFT 1, C4<0>, C4<0>, C4<0>, C4<0>;
v0000022fb23edab0_0 .net/2u *"_ivl_138", 0 0, L_0000022fb2401e90;  1 drivers
L_0000022fb2401818 .functor BUFT 1, C4<11111111>, C4<0>, C4<0>, C4<0>;
v0000022fb23edb50_0 .net/2u *"_ivl_14", 7 0, L_0000022fb2401818;  1 drivers
v0000022fb23ec890_0 .net *"_ivl_150", 0 0, L_0000022fb23867e0;  1 drivers
v0000022fb23eccf0_0 .net *"_ivl_153", 0 0, L_0000022fb24630c0;  1 drivers
v0000022fb23eced0_0 .net *"_ivl_154", 0 0, L_0000022fb2387ea0;  1 drivers
v0000022fb23ede70_0 .net *"_ivl_158", 24 0, L_0000022fb24619a0;  1 drivers
v0000022fb23ed470_0 .net *"_ivl_16", 0 0, L_0000022fb24674e0;  1 drivers
L_0000022fb2401ed8 .functor BUFT 1, C4<0>, C4<0>, C4<0>, C4<0>;
v0000022fb23ecf70_0 .net *"_ivl_161", 0 0, L_0000022fb2401ed8;  1 drivers
v0000022fb23ed0b0_0 .net *"_ivl_162", 24 0, L_0000022fb2463160;  1 drivers
L_0000022fb2401f20 .functor BUFT 1, C4<000000000000000000000000>, C4<0>, C4<0>, C4<0>;
v0000022fb23ec9d0_0 .net *"_ivl_165", 23 0, L_0000022fb2401f20;  1 drivers
L_0000022fb2401f68 .functor BUFT 1, C4<011111111>, C4<0>, C4<0>, C4<0>;
v0000022fb23edc90_0 .net/2u *"_ivl_168", 8 0, L_0000022fb2401f68;  1 drivers
L_0000022fb2401fb0 .functor BUFT 1, C4<000000000>, C4<0>, C4<0>, C4<0>;
v0000022fb23edd30_0 .net/2u *"_ivl_172", 8 0, L_0000022fb2401fb0;  1 drivers
v0000022fb23ec930_0 .net *"_ivl_174", 0 0, L_0000022fb2462a80;  1 drivers
L_0000022fb2401ff8 .functor BUFT 1, C4<11111111>, C4<0>, C4<0>, C4<0>;
v0000022fb23ed150_0 .net/2u *"_ivl_178", 7 0, L_0000022fb2401ff8;  1 drivers
L_0000022fb2401860 .functor BUFT 1, C4<00000000000000000000000>, C4<0>, C4<0>, C4<0>;
v0000022fb23ec070_0 .net/2u *"_ivl_18", 22 0, L_0000022fb2401860;  1 drivers
L_0000022fb2402040 .functor BUFT 1, C4<00000000000000000000000>, C4<0>, C4<0>, C4<0>;
v0000022fb23ed510_0 .net/2u *"_ivl_180", 22 0, L_0000022fb2402040;  1 drivers
v0000022fb23ed5b0_0 .net *"_ivl_182", 31 0, L_0000022fb2462760;  1 drivers
L_0000022fb2402088 .functor BUFT 1, C4<0000000000000000000000000000000>, C4<0>, C4<0>, C4<0>;
v0000022fb23ec250_0 .net/2u *"_ivl_184", 30 0, L_0000022fb2402088;  1 drivers
v0000022fb23ec2f0_0 .net *"_ivl_186", 31 0, L_0000022fb2460aa0;  1 drivers
v0000022fb23ec390_0 .net *"_ivl_189", 7 0, L_0000022fb24612c0;  1 drivers
v0000022fb23ec610_0 .net *"_ivl_191", 22 0, L_0000022fb2460be0;  1 drivers
v0000022fb23ef920_0 .net *"_ivl_192", 31 0, L_0000022fb24629e0;  1 drivers
v0000022fb23ee520_0 .net *"_ivl_194", 31 0, L_0000022fb2462120;  1 drivers
v0000022fb23f06e0_0 .net *"_ivl_20", 0 0, L_0000022fb2467d00;  1 drivers
L_0000022fb24018a8 .functor BUFT 1, C4<11111111>, C4<0>, C4<0>, C4<0>;
v0000022fb23ee660_0 .net/2u *"_ivl_24", 7 0, L_0000022fb24018a8;  1 drivers
v0000022fb23ef380_0 .net *"_ivl_26", 0 0, L_0000022fb2467da0;  1 drivers
L_0000022fb24018f0 .functor BUFT 1, C4<00000000000000000000000>, C4<0>, C4<0>, C4<0>;
v0000022fb23eeca0_0 .net/2u *"_ivl_28", 22 0, L_0000022fb24018f0;  1 drivers
v0000022fb23ef420_0 .net *"_ivl_30", 0 0, L_0000022fb2468840;  1 drivers
L_0000022fb2401938 .functor BUFT 1, C4<11111111>, C4<0>, C4<0>, C4<0>;
v0000022fb23f08c0_0 .net/2u *"_ivl_34", 7 0, L_0000022fb2401938;  1 drivers
v0000022fb23f0960_0 .net *"_ivl_36", 0 0, L_0000022fb24683e0;  1 drivers
L_0000022fb2401980 .functor BUFT 1, C4<00000000000000000000000>, C4<0>, C4<0>, C4<0>;
v0000022fb23ef100_0 .net/2u *"_ivl_38", 22 0, L_0000022fb2401980;  1 drivers
v0000022fb23f0140_0 .net *"_ivl_40", 0 0, L_0000022fb24688e0;  1 drivers
L_0000022fb24019c8 .functor BUFT 1, C4<11111111>, C4<0>, C4<0>, C4<0>;
v0000022fb23eff60_0 .net/2u *"_ivl_44", 7 0, L_0000022fb24019c8;  1 drivers
v0000022fb23efb00_0 .net *"_ivl_46", 0 0, L_0000022fb2468700;  1 drivers
L_0000022fb2401a10 .functor BUFT 1, C4<00000000000000000000000>, C4<0>, C4<0>, C4<0>;
v0000022fb23f0320_0 .net/2u *"_ivl_48", 22 0, L_0000022fb2401a10;  1 drivers
v0000022fb23f0280_0 .net *"_ivl_50", 0 0, L_0000022fb24687a0;  1 drivers
L_0000022fb2401a58 .functor BUFT 1, C4<00000000>, C4<0>, C4<0>, C4<0>;
v0000022fb23efba0_0 .net/2u *"_ivl_54", 7 0, L_0000022fb2401a58;  1 drivers
L_0000022fb2401aa0 .functor BUFT 1, C4<00000000>, C4<0>, C4<0>, C4<0>;
v0000022fb23f0000_0 .net/2u *"_ivl_58", 7 0, L_0000022fb2401aa0;  1 drivers
L_0000022fb2401ae8 .functor BUFT 1, C4<1>, C4<0>, C4<0>, C4<0>;
v0000022fb23eede0_0 .net/2u *"_ivl_62", 0 0, L_0000022fb2401ae8;  1 drivers
L_0000022fb2401b30 .functor BUFT 1, C4<1>, C4<0>, C4<0>, C4<0>;
v0000022fb23ee700_0 .net/2u *"_ivl_66", 0 0, L_0000022fb2401b30;  1 drivers
v0000022fb23f01e0_0 .net *"_ivl_7", 0 0, L_0000022fb24679e0;  1 drivers
L_0000022fb2401b78 .functor BUFT 1, C4<0>, C4<0>, C4<0>, C4<0>;
v0000022fb23f0a00_0 .net/2u *"_ivl_70", 0 0, L_0000022fb2401b78;  1 drivers
v0000022fb23eed40_0 .net *"_ivl_72", 8 0, L_0000022fb2468520;  1 drivers
L_0000022fb2401bc0 .functor BUFT 1, C4<0>, C4<0>, C4<0>, C4<0>;
v0000022fb23ef4c0_0 .net/2u *"_ivl_74", 0 0, L_0000022fb2401bc0;  1 drivers
v0000022fb23f03c0_0 .net *"_ivl_76", 8 0, L_0000022fb2468340;  1 drivers
L_0000022fb2401c08 .functor BUFT 1, C4<000>, C4<0>, C4<0>, C4<0>;
v0000022fb23ef560_0 .net/2u *"_ivl_80", 2 0, L_0000022fb2401c08;  1 drivers
v0000022fb23eefc0_0 .net *"_ivl_84", 31 0, L_0000022fb2460dc0;  1 drivers
L_0000022fb2401c50 .functor BUFT 1, C4<00000000000000000000000>, C4<0>, C4<0>, C4<0>;
v0000022fb23f05a0_0 .net *"_ivl_87", 22 0, L_0000022fb2401c50;  1 drivers
L_0000022fb2401c98 .functor BUFT 1, C4<00000000000000000000000000000100>, C4<0>, C4<0>, C4<0>;
v0000022fb23ef880_0 .net/2u *"_ivl_88", 31 0, L_0000022fb2401c98;  1 drivers
L_0000022fb2401ce0 .functor BUFT 1, C4<000>, C4<0>, C4<0>, C4<0>;
v0000022fb23ef740_0 .net/2u *"_ivl_92", 2 0, L_0000022fb2401ce0;  1 drivers
v0000022fb23ef1a0_0 .net *"_ivl_95", 2 0, L_0000022fb2461ae0;  1 drivers
v0000022fb23ef7e0_0 .net *"_ivl_99", 25 0, L_0000022fb2461680;  1 drivers
v0000022fb23ef9c0_0 .net "a", 31 0, v0000022fb23ff0e0_0;  alias, 1 drivers
v0000022fb23eef20_0 .net "a_is_inf", 0 0, L_0000022fb23879d0;  1 drivers
v0000022fb23eee80_0 .net "a_is_nan", 0 0, L_0000022fb2387180;  1 drivers
v0000022fb23ef600_0 .net "a_is_zero", 0 0, L_0000022fb2468660;  1 drivers
v0000022fb23f00a0_0 .net "b", 31 0, v0000022fb23ff220_0;  alias, 1 drivers
v0000022fb23f0780_0 .net "b_is_inf", 0 0, L_0000022fb2387ce0;  1 drivers
v0000022fb23f0820_0 .net "b_is_nan", 0 0, L_0000022fb23878f0;  1 drivers
v0000022fb23efa60_0 .net "b_is_zero", 0 0, L_0000022fb2468480;  1 drivers
v0000022fb23ef6a0_0 .net "beyond_range", 0 0, L_0000022fb2461360;  1 drivers
v0000022fb23f0640_0 .net "clamped_shift", 2 0, L_0000022fb2462620;  1 drivers
v0000022fb23efc40_0 .net "diff_ext", 27 0, L_0000022fb2463200;  1 drivers
v0000022fb23ee2a0_0 .net "exp_a", 7 0, L_0000022fb24671c0;  1 drivers
v0000022fb23ef060_0 .net "exp_b", 7 0, L_0000022fb24673a0;  1 drivers
v0000022fb23ee340_0 .net/s "exp_diff", 8 0, L_0000022fb24685c0;  1 drivers
v0000022fb23ee3e0_0 .var "exp_large", 7 0;
v0000022fb23efce0_0 .var "final_exp", 8 0;
v0000022fb23f0460_0 .var "final_mant", 23 0;
v0000022fb23ee7a0_0 .net "frac_a", 22 0, L_0000022fb2467300;  1 drivers
v0000022fb23eeb60_0 .net "frac_b", 22 0, L_0000022fb2467440;  1 drivers
v0000022fb23efd80_0 .net "guard_bit", 0 0, L_0000022fb2460d20;  1 drivers
v0000022fb23efe20_0 .var "invalid", 0 0;
v0000022fb23ef240_0 .var "lz", 4 0;
v0000022fb23ee480_0 .net "mant_a", 23 0, L_0000022fb2468980;  1 drivers
v0000022fb23ee5c0_0 .net "mant_b", 23 0, L_0000022fb24682a0;  1 drivers
v0000022fb23ee840_0 .var "mant_large", 23 0;
v0000022fb23efec0_0 .net "mant_large_ext", 26 0, L_0000022fb2460b40;  1 drivers
v0000022fb23ef2e0_0 .net "mant_rounded", 24 0, L_0000022fb24624e0;  1 drivers
v0000022fb23ee8e0_0 .net "mant_small_aligned", 26 0, L_0000022fb2461d60;  1 drivers
v0000022fb23ee980_0 .var "mant_small_raw", 23 0;
v0000022fb23eea20_0 .var "mant_small_shifted", 26 0;
v0000022fb23f0500_0 .net "mant_trunc", 23 0, L_0000022fb2463020;  1 drivers
v0000022fb23eeac0_0 .var "norm_exp", 8 0;
v0000022fb23eec00_0 .var "norm_mant", 27 0;
v0000022fb23f1860_0 .var "norm_zero", 0 0;
v0000022fb23f12c0_0 .net "normal_overflow", 0 0, L_0000022fb2461e00;  1 drivers
v0000022fb23f0e60_0 .net "normal_result", 31 0, L_0000022fb2462ee0;  1 drivers
v0000022fb23f0fa0_0 .net "normal_underflow", 0 0, L_0000022fb2386540;  1 drivers
v0000022fb23f19a0_0 .var "overflow", 0 0;
L_0000022fb24020d0 .functor BUFT 1, C4<01111111110000000000000000000000>, C4<0>, C4<0>, C4<0>;
v0000022fb23f1cc0_0 .net "qnan", 31 0, L_0000022fb24020d0;  1 drivers
v0000022fb23f1220_0 .net "raw_result", 27 0, L_0000022fb2461720;  1 drivers
v0000022fb23f1360_0 .var "result", 31 0;
v0000022fb23f0f00_0 .net "result_sign", 0 0, L_0000022fb2461900;  1 drivers
v0000022fb23f0d20_0 .net "round_bit", 0 0, L_0000022fb2461cc0;  1 drivers
v0000022fb23f1400_0 .net "round_up", 0 0, L_0000022fb2387a40;  1 drivers
v0000022fb23f1040_0 .net "same_sign", 0 0, L_0000022fb2387ff0;  1 drivers
v0000022fb23f2080_0 .var "shift_amt", 8 0;
v0000022fb23f10e0_0 .net "sign_a", 0 0, L_0000022fb2467120;  1 drivers
v0000022fb23f17c0_0 .net "sign_b", 0 0, L_0000022fb2386770;  1 drivers
v0000022fb23f1fe0_0 .var "sign_large", 0 0;
v0000022fb23f1d60_0 .var "sign_small", 0 0;
v0000022fb23f1e00_0 .net "sticky_bit", 0 0, L_0000022fb2462e40;  1 drivers
v0000022fb23f1f40_0 .var "sticky_from_shift", 0 0;
v0000022fb23f14a0_0 .net "sub", 0 0, v0000022fb23fd420_0;  alias, 1 drivers
v0000022fb23f0dc0_0 .net "sum_ext", 27 0, L_0000022fb2462f80;  1 drivers
v0000022fb23f1900_0 .var "underflow", 0 0;
E_0000022fb23676b0/0 .event anyedge, v0000022fb23eee80_0, v0000022fb23f0820_0, v0000022fb23f1cc0_0, v0000022fb23eef20_0;
E_0000022fb23676b0/1 .event anyedge, v0000022fb23f0780_0, v0000022fb23f10e0_0, v0000022fb23f17c0_0, v0000022fb23ef600_0;
E_0000022fb23676b0/2 .event anyedge, v0000022fb23efa60_0, v0000022fb23ef060_0, v0000022fb23eeb60_0, v0000022fb23ee2a0_0;
E_0000022fb23676b0/3 .event anyedge, v0000022fb23ee7a0_0, v0000022fb23f0e60_0, v0000022fb23f12c0_0, v0000022fb23f0fa0_0;
E_0000022fb23676b0 .event/or E_0000022fb23676b0/0, E_0000022fb23676b0/1, E_0000022fb23676b0/2, E_0000022fb23676b0/3;
E_0000022fb2367870 .event anyedge, v0000022fb23ef2e0_0, v0000022fb23eeac0_0;
E_0000022fb2367c30/0 .event anyedge, v0000022fb23f1220_0, v0000022fb23f1040_0, v0000022fb23f1860_0, v0000022fb23ee3e0_0;
E_0000022fb2367c30/1 .event anyedge, v0000022fb23ef240_0, v0000022fb23eec00_0;
E_0000022fb2367c30 .event/or E_0000022fb2367c30/0, E_0000022fb2367c30/1;
E_0000022fb2368570 .event anyedge, v0000022fb23ef6a0_0, v0000022fb23ee980_0, v0000022fb23f0640_0;
E_0000022fb2369230/0 .event anyedge, v0000022fb23ee340_0, v0000022fb23f10e0_0, v0000022fb23ee2a0_0, v0000022fb23ee480_0;
E_0000022fb2369230/1 .event anyedge, v0000022fb23f17c0_0, v0000022fb23ee5c0_0, v0000022fb23ef060_0;
E_0000022fb2369230 .event/or E_0000022fb2369230/0, E_0000022fb2369230/1;
L_0000022fb2467120 .part v0000022fb23ff0e0_0, 31, 1;
L_0000022fb24671c0 .part v0000022fb23ff0e0_0, 23, 8;
L_0000022fb2467300 .part v0000022fb23ff0e0_0, 0, 23;
L_0000022fb24679e0 .part v0000022fb23ff220_0, 31, 1;
L_0000022fb24673a0 .part v0000022fb23ff220_0, 23, 8;
L_0000022fb2467440 .part v0000022fb23ff220_0, 0, 23;
L_0000022fb24674e0 .cmp/eq 8, L_0000022fb24671c0, L_0000022fb2401818;
L_0000022fb2467d00 .cmp/ne 23, L_0000022fb2467300, L_0000022fb2401860;
L_0000022fb2467da0 .cmp/eq 8, L_0000022fb24673a0, L_0000022fb24018a8;
L_0000022fb2468840 .cmp/ne 23, L_0000022fb2467440, L_0000022fb24018f0;
L_0000022fb24683e0 .cmp/eq 8, L_0000022fb24671c0, L_0000022fb2401938;
L_0000022fb24688e0 .cmp/eq 23, L_0000022fb2467300, L_0000022fb2401980;
L_0000022fb2468700 .cmp/eq 8, L_0000022fb24673a0, L_0000022fb24019c8;
L_0000022fb24687a0 .cmp/eq 23, L_0000022fb2467440, L_0000022fb2401a10;
L_0000022fb2468660 .cmp/eq 8, L_0000022fb24671c0, L_0000022fb2401a58;
L_0000022fb2468480 .cmp/eq 8, L_0000022fb24673a0, L_0000022fb2401aa0;
L_0000022fb2468980 .concat [ 23 1 0 0], L_0000022fb2467300, L_0000022fb2401ae8;
L_0000022fb24682a0 .concat [ 23 1 0 0], L_0000022fb2467440, L_0000022fb2401b30;
L_0000022fb2468520 .concat [ 8 1 0 0], L_0000022fb24671c0, L_0000022fb2401b78;
L_0000022fb2468340 .concat [ 8 1 0 0], L_0000022fb24673a0, L_0000022fb2401bc0;
L_0000022fb24685c0 .arith/sub 9, L_0000022fb2468520, L_0000022fb2468340;
L_0000022fb2460b40 .concat [ 3 24 0 0], L_0000022fb2401c08, v0000022fb23ee840_0;
L_0000022fb2460dc0 .concat [ 9 23 0 0], v0000022fb23f2080_0, L_0000022fb2401c50;
L_0000022fb2461360 .cmp/gt 32, L_0000022fb2460dc0, L_0000022fb2401c98;
L_0000022fb2461ae0 .part v0000022fb23f2080_0, 0, 3;
L_0000022fb2462620 .functor MUXZ 3, L_0000022fb2461ae0, L_0000022fb2401ce0, L_0000022fb2461360, C4<>;
L_0000022fb2461680 .part v0000022fb23eea20_0, 1, 26;
L_0000022fb2461860 .part v0000022fb23eea20_0, 0, 1;
L_0000022fb2461d60 .concat [ 1 26 0 0], L_0000022fb2387c70, L_0000022fb2461680;
L_0000022fb2461b80 .concat [ 27 1 0 0], L_0000022fb2460b40, L_0000022fb2401d28;
L_0000022fb2460c80 .concat [ 27 1 0 0], L_0000022fb2461d60, L_0000022fb2401d70;
L_0000022fb2462f80 .arith/sum 28, L_0000022fb2461b80, L_0000022fb2460c80;
L_0000022fb2462da0 .concat [ 27 1 0 0], L_0000022fb2460b40, L_0000022fb2401db8;
L_0000022fb2462940 .concat [ 27 1 0 0], L_0000022fb2461d60, L_0000022fb2401e00;
L_0000022fb2463200 .arith/sub 28, L_0000022fb2462da0, L_0000022fb2462940;
L_0000022fb2461720 .functor MUXZ 28, L_0000022fb2463200, L_0000022fb2462f80, L_0000022fb2387ff0, C4<>;
L_0000022fb2461a40 .reduce/nor L_0000022fb2387ff0;
L_0000022fb2461c20 .cmp/eq 28, L_0000022fb2461720, L_0000022fb2401e48;
L_0000022fb2461900 .functor MUXZ 1, v0000022fb23f1fe0_0, L_0000022fb2401e90, L_0000022fb2386d20, C4<>;
L_0000022fb2460d20 .part v0000022fb23eec00_0, 2, 1;
L_0000022fb2461cc0 .part v0000022fb23eec00_0, 1, 1;
L_0000022fb2462e40 .part v0000022fb23eec00_0, 0, 1;
L_0000022fb2463020 .part v0000022fb23eec00_0, 3, 24;
L_0000022fb24630c0 .part L_0000022fb2463020, 0, 1;
L_0000022fb24619a0 .concat [ 24 1 0 0], L_0000022fb2463020, L_0000022fb2401ed8;
L_0000022fb2463160 .concat [ 1 24 0 0], L_0000022fb2387a40, L_0000022fb2401f20;
L_0000022fb24624e0 .arith/sum 25, L_0000022fb24619a0, L_0000022fb2463160;
L_0000022fb2461e00 .cmp/ge 9, v0000022fb23efce0_0, L_0000022fb2401f68;
L_0000022fb2462a80 .cmp/ge 9, L_0000022fb2401fb0, v0000022fb23efce0_0;
L_0000022fb2462760 .concat [ 23 8 1 0], L_0000022fb2402040, L_0000022fb2401ff8, L_0000022fb2461900;
L_0000022fb2460aa0 .concat [ 31 1 0 0], L_0000022fb2402088, L_0000022fb2461900;
L_0000022fb24612c0 .part v0000022fb23efce0_0, 0, 8;
L_0000022fb2460be0 .part v0000022fb23f0460_0, 0, 23;
L_0000022fb24629e0 .concat [ 23 8 1 0], L_0000022fb2460be0, L_0000022fb24612c0, L_0000022fb2461900;
L_0000022fb2462120 .functor MUXZ 32, L_0000022fb24629e0, L_0000022fb2460aa0, L_0000022fb2386540, C4<>;
L_0000022fb2462ee0 .functor MUXZ 32, L_0000022fb2462120, L_0000022fb2462760, L_0000022fb2461e00, C4<>;
S_0000022fb22e0860 .scope function.vec4.s5, "lzc27" "lzc27" 3 138, 3 138 0, S_0000022fb238f020;
 .timescale -9 -12;
v0000022fb23ed330_0 .var/i "i", 31 0;
; Variable lzc27 is vec4 return value of scope S_0000022fb22e0860
v0000022fb23ec570_0 .var "v", 26 0;
TD_Tb_dump_approx_add.dut4.lzc27 ;
    %pushi/vec4 27, 0, 5;
    %ret/vec4 0, 0, 5;  Assign to lzc27 (store_vec4_to_lval)
    %pushi/vec4 26, 0, 32;
    %store/vec4 v0000022fb23ed330_0, 0, 32;
T_1.5 ;
    %load/vec4 v0000022fb23ed330_0;
    %cmpi/s 0, 0, 32;
    %flag_inv 5; GE is !LT
    %jmp/0xz T_1.6, 5;
    %load/vec4 v0000022fb23ec570_0;
    %load/vec4 v0000022fb23ed330_0;
    %part/s 1;
    %flag_set/vec4 9;
    %flag_get/vec4 9;
    %jmp/0 T_1.9, 9;
    %retload/vec4 0; Load lzc27 (draw_signal_vec4)
    %pad/u 32;
    %pushi/vec4 27, 0, 32;
    %cmp/e;
    %flag_get/vec4 4;
    %and;
T_1.9;
    %flag_set/vec4 8;
    %jmp/0xz  T_1.7, 8;
    %pushi/vec4 26, 0, 32;
    %load/vec4 v0000022fb23ed330_0;
    %sub;
    %pad/s 5;
    %ret/vec4 0, 0, 5;  Assign to lzc27 (store_vec4_to_lval)
T_1.7 ;
    %load/vec4 v0000022fb23ed330_0;
    %subi 1, 0, 32;
    %store/vec4 v0000022fb23ed330_0, 0, 32;
    %jmp T_1.5;
T_1.6 ;
    %end;
S_0000022fb23ee030 .scope module, "dut8" "fp_adder_subtractor_approx" 2 13, 3 16 0, S_0000022fb236e910;
 .timescale -9 -12;
    .port_info 0 /INPUT 32 "a";
    .port_info 1 /INPUT 32 "b";
    .port_info 2 /INPUT 1 "sub";
    .port_info 3 /OUTPUT 32 "result";
    .port_info 4 /OUTPUT 1 "overflow";
    .port_info 5 /OUTPUT 1 "underflow";
    .port_info 6 /OUTPUT 1 "invalid";
P_0000022fb23862b0 .param/l "MAX_SHIFT" 0 3 17, +C4<00000000000000000000000000001000>;
P_0000022fb23862e8 .param/l "SHIFT_BITS" 1 3 101, +C4<00000000000000000000000000000100>;
L_0000022fb2387f10 .functor XOR 1, L_0000022fb2467e40, v0000022fb23fd420_0, C4<0>, C4<0>;
L_0000022fb2387490 .functor AND 1, L_0000022fb2468020, L_0000022fb2468200, C4<1>, C4<1>;
L_0000022fb2387650 .functor AND 1, L_0000022fb2465dc0, L_0000022fb24680c0, C4<1>, C4<1>;
L_0000022fb23880d0 .functor AND 1, L_0000022fb2466fe0, L_0000022fb2467a80, C4<1>, C4<1>;
L_0000022fb23865b0 .functor AND 1, L_0000022fb2465fa0, L_0000022fb2466c20, C4<1>, C4<1>;
L_0000022fb2386fc0 .functor OR 1, L_0000022fb2466900, v0000022fb23fa440_0, C4<0>, C4<0>;
L_0000022fb2386b60 .functor XNOR 1, v0000022fb23fac60_0, v0000022fb23f9ea0_0, C4<0>, C4<0>;
L_0000022fb2387960 .functor AND 1, L_0000022fb2466400, L_0000022fb2466ae0, C4<1>, C4<1>;
L_0000022fb2387420 .functor OR 1, L_0000022fb2466360, L_0000022fb24664a0, C4<0>, C4<0>;
L_0000022fb2386690 .functor OR 1, L_0000022fb2387420, L_0000022fb2466cc0, C4<0>, C4<0>;
L_0000022fb2386a10 .functor AND 1, L_0000022fb24662c0, L_0000022fb2386690, C4<1>, C4<1>;
L_0000022fb23876c0 .functor OR 1, L_0000022fb24669a0, v0000022fb23f3070_0, C4<0>, C4<0>;
v0000022fb23f0aa0_0 .net *"_ivl_101", 0 0, L_0000022fb2466900;  1 drivers
v0000022fb23f1ea0_0 .net *"_ivl_102", 0 0, L_0000022fb2386fc0;  1 drivers
L_0000022fb2401428 .functor BUFT 1, C4<0>, C4<0>, C4<0>, C4<0>;
v0000022fb23f1680_0 .net/2u *"_ivl_108", 0 0, L_0000022fb2401428;  1 drivers
v0000022fb23f1540_0 .net *"_ivl_110", 27 0, L_0000022fb2466720;  1 drivers
L_0000022fb2401470 .functor BUFT 1, C4<0>, C4<0>, C4<0>, C4<0>;
v0000022fb23f1ae0_0 .net/2u *"_ivl_112", 0 0, L_0000022fb2401470;  1 drivers
v0000022fb23f1720_0 .net *"_ivl_114", 27 0, L_0000022fb2465f00;  1 drivers
L_0000022fb24014b8 .functor BUFT 1, C4<0>, C4<0>, C4<0>, C4<0>;
v0000022fb23f0c80_0 .net/2u *"_ivl_118", 0 0, L_0000022fb24014b8;  1 drivers
v0000022fb23f15e0_0 .net *"_ivl_120", 27 0, L_0000022fb2466040;  1 drivers
L_0000022fb2401500 .functor BUFT 1, C4<0>, C4<0>, C4<0>, C4<0>;
v0000022fb23f1b80_0 .net/2u *"_ivl_122", 0 0, L_0000022fb2401500;  1 drivers
v0000022fb23f1c20_0 .net *"_ivl_124", 27 0, L_0000022fb2466860;  1 drivers
v0000022fb23f0b40_0 .net *"_ivl_131", 0 0, L_0000022fb2466400;  1 drivers
L_0000022fb2401548 .functor BUFT 1, C4<0000000000000000000000000000>, C4<0>, C4<0>, C4<0>;
v0000022fb23f0be0_0 .net/2u *"_ivl_132", 27 0, L_0000022fb2401548;  1 drivers
v0000022fb23f6590_0 .net *"_ivl_134", 0 0, L_0000022fb2466ae0;  1 drivers
v0000022fb23f66d0_0 .net *"_ivl_137", 0 0, L_0000022fb2387960;  1 drivers
L_0000022fb2401590 .functor BUFT 1, C4<0>, C4<0>, C4<0>, C4<0>;
v0000022fb23f50f0_0 .net/2u *"_ivl_138", 0 0, L_0000022fb2401590;  1 drivers
L_0000022fb2400f18 .functor BUFT 1, C4<11111111>, C4<0>, C4<0>, C4<0>;
v0000022fb23f59b0_0 .net/2u *"_ivl_14", 7 0, L_0000022fb2400f18;  1 drivers
v0000022fb23f64f0_0 .net *"_ivl_150", 0 0, L_0000022fb2387420;  1 drivers
v0000022fb23f5730_0 .net *"_ivl_153", 0 0, L_0000022fb2466cc0;  1 drivers
v0000022fb23f5870_0 .net *"_ivl_154", 0 0, L_0000022fb2386690;  1 drivers
v0000022fb23f5910_0 .net *"_ivl_158", 24 0, L_0000022fb2467620;  1 drivers
v0000022fb23f6630_0 .net *"_ivl_16", 0 0, L_0000022fb2468020;  1 drivers
L_0000022fb24015d8 .functor BUFT 1, C4<0>, C4<0>, C4<0>, C4<0>;
v0000022fb23f61d0_0 .net *"_ivl_161", 0 0, L_0000022fb24015d8;  1 drivers
v0000022fb23f5050_0 .net *"_ivl_162", 24 0, L_0000022fb2467760;  1 drivers
L_0000022fb2401620 .functor BUFT 1, C4<000000000000000000000000>, C4<0>, C4<0>, C4<0>;
v0000022fb23f5690_0 .net *"_ivl_165", 23 0, L_0000022fb2401620;  1 drivers
L_0000022fb2401668 .functor BUFT 1, C4<011111111>, C4<0>, C4<0>, C4<0>;
v0000022fb23f5190_0 .net/2u *"_ivl_168", 8 0, L_0000022fb2401668;  1 drivers
L_0000022fb24016b0 .functor BUFT 1, C4<000000000>, C4<0>, C4<0>, C4<0>;
v0000022fb23f5c30_0 .net/2u *"_ivl_172", 8 0, L_0000022fb24016b0;  1 drivers
v0000022fb23f57d0_0 .net *"_ivl_174", 0 0, L_0000022fb24669a0;  1 drivers
L_0000022fb24016f8 .functor BUFT 1, C4<11111111>, C4<0>, C4<0>, C4<0>;
v0000022fb23f5b90_0 .net/2u *"_ivl_178", 7 0, L_0000022fb24016f8;  1 drivers
L_0000022fb2400f60 .functor BUFT 1, C4<00000000000000000000000>, C4<0>, C4<0>, C4<0>;
v0000022fb23f5230_0 .net/2u *"_ivl_18", 22 0, L_0000022fb2400f60;  1 drivers
L_0000022fb2401740 .functor BUFT 1, C4<00000000000000000000000>, C4<0>, C4<0>, C4<0>;
v0000022fb23f6090_0 .net/2u *"_ivl_180", 22 0, L_0000022fb2401740;  1 drivers
v0000022fb23f5e10_0 .net *"_ivl_182", 31 0, L_0000022fb2466d60;  1 drivers
L_0000022fb2401788 .functor BUFT 1, C4<0000000000000000000000000000000>, C4<0>, C4<0>, C4<0>;
v0000022fb23f52d0_0 .net/2u *"_ivl_184", 30 0, L_0000022fb2401788;  1 drivers
v0000022fb23f5370_0 .net *"_ivl_186", 31 0, L_0000022fb2466a40;  1 drivers
v0000022fb23f5cd0_0 .net *"_ivl_189", 7 0, L_0000022fb2466e00;  1 drivers
v0000022fb23f5d70_0 .net *"_ivl_191", 22 0, L_0000022fb2466ea0;  1 drivers
v0000022fb23f63b0_0 .net *"_ivl_192", 31 0, L_0000022fb2467c60;  1 drivers
v0000022fb23f5a50_0 .net *"_ivl_194", 31 0, L_0000022fb2466f40;  1 drivers
v0000022fb23f5af0_0 .net *"_ivl_20", 0 0, L_0000022fb2468200;  1 drivers
L_0000022fb2400fa8 .functor BUFT 1, C4<11111111>, C4<0>, C4<0>, C4<0>;
v0000022fb23f6270_0 .net/2u *"_ivl_24", 7 0, L_0000022fb2400fa8;  1 drivers
v0000022fb23f5410_0 .net *"_ivl_26", 0 0, L_0000022fb2465dc0;  1 drivers
L_0000022fb2400ff0 .functor BUFT 1, C4<00000000000000000000000>, C4<0>, C4<0>, C4<0>;
v0000022fb23f54b0_0 .net/2u *"_ivl_28", 22 0, L_0000022fb2400ff0;  1 drivers
v0000022fb23f5550_0 .net *"_ivl_30", 0 0, L_0000022fb24680c0;  1 drivers
L_0000022fb2401038 .functor BUFT 1, C4<11111111>, C4<0>, C4<0>, C4<0>;
v0000022fb23f55f0_0 .net/2u *"_ivl_34", 7 0, L_0000022fb2401038;  1 drivers
v0000022fb23f5eb0_0 .net *"_ivl_36", 0 0, L_0000022fb2466fe0;  1 drivers
L_0000022fb2401080 .functor BUFT 1, C4<00000000000000000000000>, C4<0>, C4<0>, C4<0>;
v0000022fb23f6130_0 .net/2u *"_ivl_38", 22 0, L_0000022fb2401080;  1 drivers
v0000022fb23f5f50_0 .net *"_ivl_40", 0 0, L_0000022fb2467a80;  1 drivers
L_0000022fb24010c8 .functor BUFT 1, C4<11111111>, C4<0>, C4<0>, C4<0>;
v0000022fb23f6310_0 .net/2u *"_ivl_44", 7 0, L_0000022fb24010c8;  1 drivers
v0000022fb23f5ff0_0 .net *"_ivl_46", 0 0, L_0000022fb2465fa0;  1 drivers
L_0000022fb2401110 .functor BUFT 1, C4<00000000000000000000000>, C4<0>, C4<0>, C4<0>;
v0000022fb23f6450_0 .net/2u *"_ivl_48", 22 0, L_0000022fb2401110;  1 drivers
v0000022fb23f3110_0 .net *"_ivl_50", 0 0, L_0000022fb2466c20;  1 drivers
L_0000022fb2401158 .functor BUFT 1, C4<00000000>, C4<0>, C4<0>, C4<0>;
v0000022fb23f4510_0 .net/2u *"_ivl_54", 7 0, L_0000022fb2401158;  1 drivers
L_0000022fb24011a0 .functor BUFT 1, C4<00000000>, C4<0>, C4<0>, C4<0>;
v0000022fb23f3430_0 .net/2u *"_ivl_58", 7 0, L_0000022fb24011a0;  1 drivers
L_0000022fb24011e8 .functor BUFT 1, C4<1>, C4<0>, C4<0>, C4<0>;
v0000022fb23f3f70_0 .net/2u *"_ivl_62", 0 0, L_0000022fb24011e8;  1 drivers
L_0000022fb2401230 .functor BUFT 1, C4<1>, C4<0>, C4<0>, C4<0>;
v0000022fb23f3ed0_0 .net/2u *"_ivl_66", 0 0, L_0000022fb2401230;  1 drivers
v0000022fb23f4f10_0 .net *"_ivl_7", 0 0, L_0000022fb2467e40;  1 drivers
L_0000022fb2401278 .functor BUFT 1, C4<0>, C4<0>, C4<0>, C4<0>;
v0000022fb23f4bf0_0 .net/2u *"_ivl_70", 0 0, L_0000022fb2401278;  1 drivers
v0000022fb23f4b50_0 .net *"_ivl_72", 8 0, L_0000022fb2467800;  1 drivers
L_0000022fb24012c0 .functor BUFT 1, C4<0>, C4<0>, C4<0>, C4<0>;
v0000022fb23f36b0_0 .net/2u *"_ivl_74", 0 0, L_0000022fb24012c0;  1 drivers
v0000022fb23f3c50_0 .net *"_ivl_76", 8 0, L_0000022fb2467260;  1 drivers
L_0000022fb2401308 .functor BUFT 1, C4<000>, C4<0>, C4<0>, C4<0>;
v0000022fb23f45b0_0 .net/2u *"_ivl_80", 2 0, L_0000022fb2401308;  1 drivers
v0000022fb23f4dd0_0 .net *"_ivl_84", 31 0, L_0000022fb2465be0;  1 drivers
L_0000022fb2401350 .functor BUFT 1, C4<00000000000000000000000>, C4<0>, C4<0>, C4<0>;
v0000022fb23f34d0_0 .net *"_ivl_87", 22 0, L_0000022fb2401350;  1 drivers
L_0000022fb2401398 .functor BUFT 1, C4<00000000000000000000000000001000>, C4<0>, C4<0>, C4<0>;
v0000022fb23f2990_0 .net/2u *"_ivl_88", 31 0, L_0000022fb2401398;  1 drivers
L_0000022fb24013e0 .functor BUFT 1, C4<0000>, C4<0>, C4<0>, C4<0>;
v0000022fb23f4fb0_0 .net/2u *"_ivl_92", 3 0, L_0000022fb24013e0;  1 drivers
v0000022fb23f4d30_0 .net *"_ivl_95", 3 0, L_0000022fb24660e0;  1 drivers
v0000022fb23f4470_0 .net *"_ivl_99", 25 0, L_0000022fb2466680;  1 drivers
v0000022fb23f3390_0 .net "a", 31 0, v0000022fb23ff0e0_0;  alias, 1 drivers
v0000022fb23f2b70_0 .net "a_is_inf", 0 0, L_0000022fb23880d0;  1 drivers
v0000022fb23f3610_0 .net "a_is_nan", 0 0, L_0000022fb2387490;  1 drivers
v0000022fb23f3750_0 .net "a_is_zero", 0 0, L_0000022fb2467940;  1 drivers
v0000022fb23f4e70_0 .net "b", 31 0, v0000022fb23ff220_0;  alias, 1 drivers
v0000022fb23f2850_0 .net "b_is_inf", 0 0, L_0000022fb23865b0;  1 drivers
v0000022fb23f2e90_0 .net "b_is_nan", 0 0, L_0000022fb2387650;  1 drivers
v0000022fb23f3930_0 .net "b_is_zero", 0 0, L_0000022fb2465e60;  1 drivers
v0000022fb23f3a70_0 .net "beyond_range", 0 0, L_0000022fb2467f80;  1 drivers
v0000022fb23f3b10_0 .net "clamped_shift", 3 0, L_0000022fb2467080;  1 drivers
v0000022fb23f3570_0 .net "diff_ext", 27 0, L_0000022fb2465c80;  1 drivers
v0000022fb23f37f0_0 .net "exp_a", 7 0, L_0000022fb2467580;  1 drivers
v0000022fb23f3890_0 .net "exp_b", 7 0, L_0000022fb2465aa0;  1 drivers
v0000022fb23f28f0_0 .net/s "exp_diff", 8 0, L_0000022fb2467ee0;  1 drivers
v0000022fb23f4830_0 .var "exp_large", 7 0;
v0000022fb23f46f0_0 .var "final_exp", 8 0;
v0000022fb23f4790_0 .var "final_mant", 23 0;
v0000022fb23f32f0_0 .net "frac_a", 22 0, L_0000022fb2465d20;  1 drivers
v0000022fb23f39d0_0 .net "frac_b", 22 0, L_0000022fb2468160;  1 drivers
v0000022fb23f2a30_0 .net "guard_bit", 0 0, L_0000022fb24662c0;  1 drivers
v0000022fb23f3bb0_0 .var "invalid", 0 0;
v0000022fb23f2ad0_0 .var "lz", 4 0;
v0000022fb23f40b0_0 .net "mant_a", 23 0, L_0000022fb2465b40;  1 drivers
v0000022fb23f3cf0_0 .net "mant_b", 23 0, L_0000022fb2467b20;  1 drivers
v0000022fb23f2c10_0 .var "mant_large", 23 0;
v0000022fb23f2cb0_0 .net "mant_large_ext", 26 0, L_0000022fb24676c0;  1 drivers
v0000022fb23f3d90_0 .net "mant_rounded", 24 0, L_0000022fb2466540;  1 drivers
v0000022fb23f3e30_0 .net "mant_small_aligned", 26 0, L_0000022fb2467bc0;  1 drivers
v0000022fb23f4330_0 .var "mant_small_raw", 23 0;
v0000022fb23f2f30_0 .var "mant_small_shifted", 26 0;
v0000022fb23f2df0_0 .net "mant_trunc", 23 0, L_0000022fb2466b80;  1 drivers
v0000022fb23f31b0_0 .var "norm_exp", 8 0;
v0000022fb23f4010_0 .var "norm_mant", 27 0;
v0000022fb23f3070_0 .var "norm_zero", 0 0;
v0000022fb23f2d50_0 .net "normal_overflow", 0 0, L_0000022fb24665e0;  1 drivers
v0000022fb23f4150_0 .net "normal_result", 31 0, L_0000022fb24678a0;  1 drivers
v0000022fb23f3250_0 .net "normal_underflow", 0 0, L_0000022fb23876c0;  1 drivers
v0000022fb23f4650_0 .var "overflow", 0 0;
L_0000022fb24017d0 .functor BUFT 1, C4<01111111110000000000000000000000>, C4<0>, C4<0>, C4<0>;
v0000022fb23f41f0_0 .net "qnan", 31 0, L_0000022fb24017d0;  1 drivers
v0000022fb23f2fd0_0 .net "raw_result", 27 0, L_0000022fb2466180;  1 drivers
v0000022fb23f4c90_0 .var "result", 31 0;
v0000022fb23f4290_0 .net "result_sign", 0 0, L_0000022fb2466220;  1 drivers
v0000022fb23f43d0_0 .net "round_bit", 0 0, L_0000022fb2466360;  1 drivers
v0000022fb23f48d0_0 .net "round_up", 0 0, L_0000022fb2386a10;  1 drivers
v0000022fb23f4970_0 .net "same_sign", 0 0, L_0000022fb2386b60;  1 drivers
v0000022fb23f4a10_0 .var "shift_amt", 8 0;
v0000022fb23f4ab0_0 .net "sign_a", 0 0, L_0000022fb23fd1a0;  1 drivers
v0000022fb23f97c0_0 .net "sign_b", 0 0, L_0000022fb2387f10;  1 drivers
v0000022fb23fac60_0 .var "sign_large", 0 0;
v0000022fb23f9ea0_0 .var "sign_small", 0 0;
v0000022fb23f9a40_0 .net "sticky_bit", 0 0, L_0000022fb24664a0;  1 drivers
v0000022fb23fa440_0 .var "sticky_from_shift", 0 0;
v0000022fb23fa940_0 .net "sub", 0 0, v0000022fb23fd420_0;  alias, 1 drivers
v0000022fb23fa620_0 .net "sum_ext", 27 0, L_0000022fb24667c0;  1 drivers
v0000022fb23fa4e0_0 .var "underflow", 0 0;
E_0000022fb2368a30/0 .event anyedge, v0000022fb23f3610_0, v0000022fb23f2e90_0, v0000022fb23f41f0_0, v0000022fb23f2b70_0;
E_0000022fb2368a30/1 .event anyedge, v0000022fb23f2850_0, v0000022fb23f4ab0_0, v0000022fb23f97c0_0, v0000022fb23f3750_0;
E_0000022fb2368a30/2 .event anyedge, v0000022fb23f3930_0, v0000022fb23f3890_0, v0000022fb23f39d0_0, v0000022fb23f37f0_0;
E_0000022fb2368a30/3 .event anyedge, v0000022fb23f32f0_0, v0000022fb23f4150_0, v0000022fb23f2d50_0, v0000022fb23f3250_0;
E_0000022fb2368a30 .event/or E_0000022fb2368a30/0, E_0000022fb2368a30/1, E_0000022fb2368a30/2, E_0000022fb2368a30/3;
E_0000022fb2368cb0 .event anyedge, v0000022fb23f3d90_0, v0000022fb23f31b0_0;
E_0000022fb23685b0/0 .event anyedge, v0000022fb23f2fd0_0, v0000022fb23f4970_0, v0000022fb23f3070_0, v0000022fb23f4830_0;
E_0000022fb23685b0/1 .event anyedge, v0000022fb23f2ad0_0, v0000022fb23f4010_0;
E_0000022fb23685b0 .event/or E_0000022fb23685b0/0, E_0000022fb23685b0/1;
E_0000022fb2368670 .event anyedge, v0000022fb23f3a70_0, v0000022fb23f4330_0, v0000022fb23f3b10_0;
E_0000022fb23686b0/0 .event anyedge, v0000022fb23f28f0_0, v0000022fb23f4ab0_0, v0000022fb23f37f0_0, v0000022fb23f40b0_0;
E_0000022fb23686b0/1 .event anyedge, v0000022fb23f97c0_0, v0000022fb23f3cf0_0, v0000022fb23f3890_0;
E_0000022fb23686b0 .event/or E_0000022fb23686b0/0, E_0000022fb23686b0/1;
L_0000022fb23fd1a0 .part v0000022fb23ff0e0_0, 31, 1;
L_0000022fb2467580 .part v0000022fb23ff0e0_0, 23, 8;
L_0000022fb2465d20 .part v0000022fb23ff0e0_0, 0, 23;
L_0000022fb2467e40 .part v0000022fb23ff220_0, 31, 1;
L_0000022fb2465aa0 .part v0000022fb23ff220_0, 23, 8;
L_0000022fb2468160 .part v0000022fb23ff220_0, 0, 23;
L_0000022fb2468020 .cmp/eq 8, L_0000022fb2467580, L_0000022fb2400f18;
L_0000022fb2468200 .cmp/ne 23, L_0000022fb2465d20, L_0000022fb2400f60;
L_0000022fb2465dc0 .cmp/eq 8, L_0000022fb2465aa0, L_0000022fb2400fa8;
L_0000022fb24680c0 .cmp/ne 23, L_0000022fb2468160, L_0000022fb2400ff0;
L_0000022fb2466fe0 .cmp/eq 8, L_0000022fb2467580, L_0000022fb2401038;
L_0000022fb2467a80 .cmp/eq 23, L_0000022fb2465d20, L_0000022fb2401080;
L_0000022fb2465fa0 .cmp/eq 8, L_0000022fb2465aa0, L_0000022fb24010c8;
L_0000022fb2466c20 .cmp/eq 23, L_0000022fb2468160, L_0000022fb2401110;
L_0000022fb2467940 .cmp/eq 8, L_0000022fb2467580, L_0000022fb2401158;
L_0000022fb2465e60 .cmp/eq 8, L_0000022fb2465aa0, L_0000022fb24011a0;
L_0000022fb2465b40 .concat [ 23 1 0 0], L_0000022fb2465d20, L_0000022fb24011e8;
L_0000022fb2467b20 .concat [ 23 1 0 0], L_0000022fb2468160, L_0000022fb2401230;
L_0000022fb2467800 .concat [ 8 1 0 0], L_0000022fb2467580, L_0000022fb2401278;
L_0000022fb2467260 .concat [ 8 1 0 0], L_0000022fb2465aa0, L_0000022fb24012c0;
L_0000022fb2467ee0 .arith/sub 9, L_0000022fb2467800, L_0000022fb2467260;
L_0000022fb24676c0 .concat [ 3 24 0 0], L_0000022fb2401308, v0000022fb23f2c10_0;
L_0000022fb2465be0 .concat [ 9 23 0 0], v0000022fb23f4a10_0, L_0000022fb2401350;
L_0000022fb2467f80 .cmp/gt 32, L_0000022fb2465be0, L_0000022fb2401398;
L_0000022fb24660e0 .part v0000022fb23f4a10_0, 0, 4;
L_0000022fb2467080 .functor MUXZ 4, L_0000022fb24660e0, L_0000022fb24013e0, L_0000022fb2467f80, C4<>;
L_0000022fb2466680 .part v0000022fb23f2f30_0, 1, 26;
L_0000022fb2466900 .part v0000022fb23f2f30_0, 0, 1;
L_0000022fb2467bc0 .concat [ 1 26 0 0], L_0000022fb2386fc0, L_0000022fb2466680;
L_0000022fb2466720 .concat [ 27 1 0 0], L_0000022fb24676c0, L_0000022fb2401428;
L_0000022fb2465f00 .concat [ 27 1 0 0], L_0000022fb2467bc0, L_0000022fb2401470;
L_0000022fb24667c0 .arith/sum 28, L_0000022fb2466720, L_0000022fb2465f00;
L_0000022fb2466040 .concat [ 27 1 0 0], L_0000022fb24676c0, L_0000022fb24014b8;
L_0000022fb2466860 .concat [ 27 1 0 0], L_0000022fb2467bc0, L_0000022fb2401500;
L_0000022fb2465c80 .arith/sub 28, L_0000022fb2466040, L_0000022fb2466860;
L_0000022fb2466180 .functor MUXZ 28, L_0000022fb2465c80, L_0000022fb24667c0, L_0000022fb2386b60, C4<>;
L_0000022fb2466400 .reduce/nor L_0000022fb2386b60;
L_0000022fb2466ae0 .cmp/eq 28, L_0000022fb2466180, L_0000022fb2401548;
L_0000022fb2466220 .functor MUXZ 1, v0000022fb23fac60_0, L_0000022fb2401590, L_0000022fb2387960, C4<>;
L_0000022fb24662c0 .part v0000022fb23f4010_0, 2, 1;
L_0000022fb2466360 .part v0000022fb23f4010_0, 1, 1;
L_0000022fb24664a0 .part v0000022fb23f4010_0, 0, 1;
L_0000022fb2466b80 .part v0000022fb23f4010_0, 3, 24;
L_0000022fb2466cc0 .part L_0000022fb2466b80, 0, 1;
L_0000022fb2467620 .concat [ 24 1 0 0], L_0000022fb2466b80, L_0000022fb24015d8;
L_0000022fb2467760 .concat [ 1 24 0 0], L_0000022fb2386a10, L_0000022fb2401620;
L_0000022fb2466540 .arith/sum 25, L_0000022fb2467620, L_0000022fb2467760;
L_0000022fb24665e0 .cmp/ge 9, v0000022fb23f46f0_0, L_0000022fb2401668;
L_0000022fb24669a0 .cmp/ge 9, L_0000022fb24016b0, v0000022fb23f46f0_0;
L_0000022fb2466d60 .concat [ 23 8 1 0], L_0000022fb2401740, L_0000022fb24016f8, L_0000022fb2466220;
L_0000022fb2466a40 .concat [ 31 1 0 0], L_0000022fb2401788, L_0000022fb2466220;
L_0000022fb2466e00 .part v0000022fb23f46f0_0, 0, 8;
L_0000022fb2466ea0 .part v0000022fb23f4790_0, 0, 23;
L_0000022fb2467c60 .concat [ 23 8 1 0], L_0000022fb2466ea0, L_0000022fb2466e00, L_0000022fb2466220;
L_0000022fb2466f40 .functor MUXZ 32, L_0000022fb2467c60, L_0000022fb2466a40, L_0000022fb23876c0, C4<>;
L_0000022fb24678a0 .functor MUXZ 32, L_0000022fb2466f40, L_0000022fb2466d60, L_0000022fb24665e0, C4<>;
S_0000022fb23f2660 .scope function.vec4.s5, "lzc27" "lzc27" 3 138, 3 138 0, S_0000022fb23ee030;
 .timescale -9 -12;
v0000022fb23f1a40_0 .var/i "i", 31 0;
; Variable lzc27 is vec4 return value of scope S_0000022fb23f2660
v0000022fb23f2120_0 .var "v", 26 0;
TD_Tb_dump_approx_add.dut8.lzc27 ;
    %pushi/vec4 27, 0, 5;
    %ret/vec4 0, 0, 5;  Assign to lzc27 (store_vec4_to_lval)
    %pushi/vec4 26, 0, 32;
    %store/vec4 v0000022fb23f1a40_0, 0, 32;
T_2.10 ;
    %load/vec4 v0000022fb23f1a40_0;
    %cmpi/s 0, 0, 32;
    %flag_inv 5; GE is !LT
    %jmp/0xz T_2.11, 5;
    %load/vec4 v0000022fb23f2120_0;
    %load/vec4 v0000022fb23f1a40_0;
    %part/s 1;
    %flag_set/vec4 9;
    %flag_get/vec4 9;
    %jmp/0 T_2.14, 9;
    %retload/vec4 0; Load lzc27 (draw_signal_vec4)
    %pad/u 32;
    %pushi/vec4 27, 0, 32;
    %cmp/e;
    %flag_get/vec4 4;
    %and;
T_2.14;
    %flag_set/vec4 8;
    %jmp/0xz  T_2.12, 8;
    %pushi/vec4 26, 0, 32;
    %load/vec4 v0000022fb23f1a40_0;
    %sub;
    %pad/s 5;
    %ret/vec4 0, 0, 5;  Assign to lzc27 (store_vec4_to_lval)
T_2.12 ;
    %load/vec4 v0000022fb23f1a40_0;
    %subi 1, 0, 32;
    %store/vec4 v0000022fb23f1a40_0, 0, 32;
    %jmp T_2.10;
T_2.11 ;
    %end;
S_0000022fb23fae30 .scope module, "dut_exact" "fp_adder_subtractor_approx" 2 12, 3 16 0, S_0000022fb236e910;
 .timescale -9 -12;
    .port_info 0 /INPUT 32 "a";
    .port_info 1 /INPUT 32 "b";
    .port_info 2 /INPUT 1 "sub";
    .port_info 3 /OUTPUT 32 "result";
    .port_info 4 /OUTPUT 1 "overflow";
    .port_info 5 /OUTPUT 1 "underflow";
    .port_info 6 /OUTPUT 1 "invalid";
P_0000022fb2385130 .param/l "MAX_SHIFT" 0 3 17, +C4<00000000000000000000000000011011>;
P_0000022fb2385168 .param/l "SHIFT_BITS" 1 3 101, +C4<00000000000000000000000000000101>;
L_0000022fb2388060 .functor XOR 1, L_0000022fb23fd6a0, v0000022fb23fd420_0, C4<0>, C4<0>;
L_0000022fb23877a0 .functor AND 1, L_0000022fb23feb40, L_0000022fb23fea00, C4<1>, C4<1>;
L_0000022fb23868c0 .functor AND 1, L_0000022fb23fed20, L_0000022fb23feaa0, C4<1>, C4<1>;
L_0000022fb2386e00 .functor AND 1, L_0000022fb23fde20, L_0000022fb23fc7a0, C4<1>, C4<1>;
L_0000022fb23873b0 .functor AND 1, L_0000022fb23fc660, L_0000022fb23fd920, C4<1>, C4<1>;
L_0000022fb2386e70 .functor OR 1, L_0000022fb23fdc40, v0000022fb23ffe00_0, C4<0>, C4<0>;
L_0000022fb2386ee0 .functor XNOR 1, v0000022fb23ff2c0_0, v0000022fb23ff680_0, C4<0>, C4<0>;
L_0000022fb23875e0 .functor AND 1, L_0000022fb23fe320, L_0000022fb23fcd40, C4<1>, C4<1>;
L_0000022fb2386850 .functor OR 1, L_0000022fb23fe280, L_0000022fb23fdec0, C4<0>, C4<0>;
L_0000022fb23869a0 .functor OR 1, L_0000022fb2386850, L_0000022fb23fd600, C4<0>, C4<0>;
L_0000022fb2387500 .functor AND 1, L_0000022fb23fcfc0, L_0000022fb23869a0, C4<1>, C4<1>;
L_0000022fb2386f50 .functor OR 1, L_0000022fb23fe0a0, v0000022fb23ff5e0_0, C4<0>, C4<0>;
v0000022fb23fa9e0_0 .net *"_ivl_101", 0 0, L_0000022fb23fdc40;  1 drivers
v0000022fb23f9cc0_0 .net *"_ivl_102", 0 0, L_0000022fb2386e70;  1 drivers
L_0000022fb2400b28 .functor BUFT 1, C4<0>, C4<0>, C4<0>, C4<0>;
v0000022fb23fa6c0_0 .net/2u *"_ivl_108", 0 0, L_0000022fb2400b28;  1 drivers
v0000022fb23f9f40_0 .net *"_ivl_110", 27 0, L_0000022fb23fc8e0;  1 drivers
L_0000022fb2400b70 .functor BUFT 1, C4<0>, C4<0>, C4<0>, C4<0>;
v0000022fb23fa580_0 .net/2u *"_ivl_112", 0 0, L_0000022fb2400b70;  1 drivers
v0000022fb23fab20_0 .net *"_ivl_114", 27 0, L_0000022fb23fcf20;  1 drivers
L_0000022fb2400bb8 .functor BUFT 1, C4<0>, C4<0>, C4<0>, C4<0>;
v0000022fb23f9ae0_0 .net/2u *"_ivl_118", 0 0, L_0000022fb2400bb8;  1 drivers
v0000022fb23fad00_0 .net *"_ivl_120", 27 0, L_0000022fb23fe1e0;  1 drivers
L_0000022fb2400c00 .functor BUFT 1, C4<0>, C4<0>, C4<0>, C4<0>;
v0000022fb23f9860_0 .net/2u *"_ivl_122", 0 0, L_0000022fb2400c00;  1 drivers
v0000022fb23fabc0_0 .net *"_ivl_124", 27 0, L_0000022fb23fc980;  1 drivers
v0000022fb23f9900_0 .net *"_ivl_131", 0 0, L_0000022fb23fe320;  1 drivers
L_0000022fb2400c48 .functor BUFT 1, C4<0000000000000000000000000000>, C4<0>, C4<0>, C4<0>;
v0000022fb23fa080_0 .net/2u *"_ivl_132", 27 0, L_0000022fb2400c48;  1 drivers
v0000022fb23fa300_0 .net *"_ivl_134", 0 0, L_0000022fb23fcd40;  1 drivers
v0000022fb23f9fe0_0 .net *"_ivl_137", 0 0, L_0000022fb23875e0;  1 drivers
L_0000022fb2400c90 .functor BUFT 1, C4<0>, C4<0>, C4<0>, C4<0>;
v0000022fb23f99a0_0 .net/2u *"_ivl_138", 0 0, L_0000022fb2400c90;  1 drivers
L_0000022fb2400618 .functor BUFT 1, C4<11111111>, C4<0>, C4<0>, C4<0>;
v0000022fb23f9680_0 .net/2u *"_ivl_14", 7 0, L_0000022fb2400618;  1 drivers
v0000022fb23f9b80_0 .net *"_ivl_150", 0 0, L_0000022fb2386850;  1 drivers
v0000022fb23fa800_0 .net *"_ivl_153", 0 0, L_0000022fb23fd600;  1 drivers
v0000022fb23fa760_0 .net *"_ivl_154", 0 0, L_0000022fb23869a0;  1 drivers
v0000022fb23fa8a0_0 .net *"_ivl_158", 24 0, L_0000022fb23fe780;  1 drivers
v0000022fb23f9720_0 .net *"_ivl_16", 0 0, L_0000022fb23feb40;  1 drivers
L_0000022fb2400cd8 .functor BUFT 1, C4<0>, C4<0>, C4<0>, C4<0>;
v0000022fb23f9c20_0 .net *"_ivl_161", 0 0, L_0000022fb2400cd8;  1 drivers
v0000022fb23f9d60_0 .net *"_ivl_162", 24 0, L_0000022fb23fe820;  1 drivers
L_0000022fb2400d20 .functor BUFT 1, C4<000000000000000000000000>, C4<0>, C4<0>, C4<0>;
v0000022fb23f9e00_0 .net *"_ivl_165", 23 0, L_0000022fb2400d20;  1 drivers
L_0000022fb2400d68 .functor BUFT 1, C4<011111111>, C4<0>, C4<0>, C4<0>;
v0000022fb23fa120_0 .net/2u *"_ivl_168", 8 0, L_0000022fb2400d68;  1 drivers
L_0000022fb2400db0 .functor BUFT 1, C4<000000000>, C4<0>, C4<0>, C4<0>;
v0000022fb23fa1c0_0 .net/2u *"_ivl_172", 8 0, L_0000022fb2400db0;  1 drivers
v0000022fb23f8280_0 .net *"_ivl_174", 0 0, L_0000022fb23fe0a0;  1 drivers
L_0000022fb2400df8 .functor BUFT 1, C4<11111111>, C4<0>, C4<0>, C4<0>;
v0000022fb23f7920_0 .net/2u *"_ivl_178", 7 0, L_0000022fb2400df8;  1 drivers
L_0000022fb2400660 .functor BUFT 1, C4<00000000000000000000000>, C4<0>, C4<0>, C4<0>;
v0000022fb23f80a0_0 .net/2u *"_ivl_18", 22 0, L_0000022fb2400660;  1 drivers
L_0000022fb2400e40 .functor BUFT 1, C4<00000000000000000000000>, C4<0>, C4<0>, C4<0>;
v0000022fb23f8f00_0 .net/2u *"_ivl_180", 22 0, L_0000022fb2400e40;  1 drivers
v0000022fb23f8140_0 .net *"_ivl_182", 31 0, L_0000022fb23fe460;  1 drivers
L_0000022fb2400e88 .functor BUFT 1, C4<0000000000000000000000000000000>, C4<0>, C4<0>, C4<0>;
v0000022fb23f7ba0_0 .net/2u *"_ivl_184", 30 0, L_0000022fb2400e88;  1 drivers
v0000022fb23f9180_0 .net *"_ivl_186", 31 0, L_0000022fb23fc700;  1 drivers
v0000022fb23f8460_0 .net *"_ivl_189", 7 0, L_0000022fb23fe8c0;  1 drivers
v0000022fb23f8320_0 .net *"_ivl_191", 22 0, L_0000022fb23fca20;  1 drivers
v0000022fb23f7d80_0 .net *"_ivl_192", 31 0, L_0000022fb23fd060;  1 drivers
v0000022fb23f88c0_0 .net *"_ivl_194", 31 0, L_0000022fb23fce80;  1 drivers
v0000022fb23f83c0_0 .net *"_ivl_20", 0 0, L_0000022fb23fea00;  1 drivers
L_0000022fb24006a8 .functor BUFT 1, C4<11111111>, C4<0>, C4<0>, C4<0>;
v0000022fb23f9220_0 .net/2u *"_ivl_24", 7 0, L_0000022fb24006a8;  1 drivers
v0000022fb23f7380_0 .net *"_ivl_26", 0 0, L_0000022fb23fed20;  1 drivers
L_0000022fb24006f0 .functor BUFT 1, C4<00000000000000000000000>, C4<0>, C4<0>, C4<0>;
v0000022fb23f7560_0 .net/2u *"_ivl_28", 22 0, L_0000022fb24006f0;  1 drivers
v0000022fb23f8000_0 .net *"_ivl_30", 0 0, L_0000022fb23feaa0;  1 drivers
L_0000022fb2400738 .functor BUFT 1, C4<11111111>, C4<0>, C4<0>, C4<0>;
v0000022fb23f7ce0_0 .net/2u *"_ivl_34", 7 0, L_0000022fb2400738;  1 drivers
v0000022fb23f8640_0 .net *"_ivl_36", 0 0, L_0000022fb23fde20;  1 drivers
L_0000022fb2400780 .functor BUFT 1, C4<00000000000000000000000>, C4<0>, C4<0>, C4<0>;
v0000022fb23f7f60_0 .net/2u *"_ivl_38", 22 0, L_0000022fb2400780;  1 drivers
v0000022fb23f6e80_0 .net *"_ivl_40", 0 0, L_0000022fb23fc7a0;  1 drivers
L_0000022fb24007c8 .functor BUFT 1, C4<11111111>, C4<0>, C4<0>, C4<0>;
v0000022fb23f85a0_0 .net/2u *"_ivl_44", 7 0, L_0000022fb24007c8;  1 drivers
v0000022fb23f9360_0 .net *"_ivl_46", 0 0, L_0000022fb23fc660;  1 drivers
L_0000022fb2400810 .functor BUFT 1, C4<00000000000000000000000>, C4<0>, C4<0>, C4<0>;
v0000022fb23f7100_0 .net/2u *"_ivl_48", 22 0, L_0000022fb2400810;  1 drivers
v0000022fb23f86e0_0 .net *"_ivl_50", 0 0, L_0000022fb23fd920;  1 drivers
L_0000022fb2400858 .functor BUFT 1, C4<00000000>, C4<0>, C4<0>, C4<0>;
v0000022fb23f9540_0 .net/2u *"_ivl_54", 7 0, L_0000022fb2400858;  1 drivers
L_0000022fb24008a0 .functor BUFT 1, C4<00000000>, C4<0>, C4<0>, C4<0>;
v0000022fb23f92c0_0 .net/2u *"_ivl_58", 7 0, L_0000022fb24008a0;  1 drivers
L_0000022fb24008e8 .functor BUFT 1, C4<1>, C4<0>, C4<0>, C4<0>;
v0000022fb23f9400_0 .net/2u *"_ivl_62", 0 0, L_0000022fb24008e8;  1 drivers
L_0000022fb2400930 .functor BUFT 1, C4<1>, C4<0>, C4<0>, C4<0>;
v0000022fb23f7e20_0 .net/2u *"_ivl_66", 0 0, L_0000022fb2400930;  1 drivers
v0000022fb23f8500_0 .net *"_ivl_7", 0 0, L_0000022fb23fd6a0;  1 drivers
L_0000022fb2400978 .functor BUFT 1, C4<0>, C4<0>, C4<0>, C4<0>;
v0000022fb23f8be0_0 .net/2u *"_ivl_70", 0 0, L_0000022fb2400978;  1 drivers
v0000022fb23f94a0_0 .net *"_ivl_72", 8 0, L_0000022fb23fedc0;  1 drivers
L_0000022fb24009c0 .functor BUFT 1, C4<0>, C4<0>, C4<0>, C4<0>;
v0000022fb23f7a60_0 .net/2u *"_ivl_74", 0 0, L_0000022fb24009c0;  1 drivers
v0000022fb23f6fc0_0 .net *"_ivl_76", 8 0, L_0000022fb23fd560;  1 drivers
L_0000022fb2400a08 .functor BUFT 1, C4<000>, C4<0>, C4<0>, C4<0>;
v0000022fb23f95e0_0 .net/2u *"_ivl_80", 2 0, L_0000022fb2400a08;  1 drivers
v0000022fb23f6f20_0 .net *"_ivl_84", 31 0, L_0000022fb23fd240;  1 drivers
L_0000022fb2400a50 .functor BUFT 1, C4<00000000000000000000000>, C4<0>, C4<0>, C4<0>;
v0000022fb23f8aa0_0 .net *"_ivl_87", 22 0, L_0000022fb2400a50;  1 drivers
L_0000022fb2400a98 .functor BUFT 1, C4<00000000000000000000000000011011>, C4<0>, C4<0>, C4<0>;
v0000022fb23f79c0_0 .net/2u *"_ivl_88", 31 0, L_0000022fb2400a98;  1 drivers
L_0000022fb2400ae0 .functor BUFT 1, C4<00000>, C4<0>, C4<0>, C4<0>;
v0000022fb23f71a0_0 .net/2u *"_ivl_92", 4 0, L_0000022fb2400ae0;  1 drivers
v0000022fb23f7060_0 .net *"_ivl_95", 4 0, L_0000022fb23febe0;  1 drivers
v0000022fb23f7240_0 .net *"_ivl_99", 25 0, L_0000022fb23fd2e0;  1 drivers
v0000022fb23f72e0_0 .net "a", 31 0, v0000022fb23ff0e0_0;  alias, 1 drivers
v0000022fb23f74c0_0 .net "a_is_inf", 0 0, L_0000022fb2386e00;  1 drivers
v0000022fb23f81e0_0 .net "a_is_nan", 0 0, L_0000022fb23877a0;  1 drivers
v0000022fb23f8780_0 .net "a_is_zero", 0 0, L_0000022fb23fd740;  1 drivers
v0000022fb23f8820_0 .net "b", 31 0, v0000022fb23ff220_0;  alias, 1 drivers
v0000022fb23f7420_0 .net "b_is_inf", 0 0, L_0000022fb23873b0;  1 drivers
v0000022fb23f7600_0 .net "b_is_nan", 0 0, L_0000022fb23868c0;  1 drivers
v0000022fb23f7ec0_0 .net "b_is_zero", 0 0, L_0000022fb23fc840;  1 drivers
v0000022fb23f76a0_0 .net "beyond_range", 0 0, L_0000022fb23fe500;  1 drivers
v0000022fb23f7740_0 .net "clamped_shift", 4 0, L_0000022fb23fd7e0;  1 drivers
v0000022fb23f77e0_0 .net "diff_ext", 27 0, L_0000022fb23fe3c0;  1 drivers
v0000022fb23f8960_0 .net "exp_a", 7 0, L_0000022fb23fdba0;  1 drivers
v0000022fb23f8a00_0 .net "exp_b", 7 0, L_0000022fb23fd4c0;  1 drivers
v0000022fb23f7880_0 .net/s "exp_diff", 8 0, L_0000022fb23fcac0;  1 drivers
v0000022fb23f8b40_0 .var "exp_large", 7 0;
v0000022fb23f8c80_0 .var "final_exp", 8 0;
v0000022fb23f8d20_0 .var "final_mant", 23 0;
v0000022fb23f7b00_0 .net "frac_a", 22 0, L_0000022fb23fe960;  1 drivers
v0000022fb23f8dc0_0 .net "frac_b", 22 0, L_0000022fb23fd9c0;  1 drivers
v0000022fb23f8e60_0 .net "guard_bit", 0 0, L_0000022fb23fcfc0;  1 drivers
v0000022fb23f8fa0_0 .var "invalid", 0 0;
v0000022fb23f7c40_0 .var "lz", 4 0;
v0000022fb23f9040_0 .net "mant_a", 23 0, L_0000022fb23fcde0;  1 drivers
v0000022fb23f90e0_0 .net "mant_b", 23 0, L_0000022fb23fe640;  1 drivers
v0000022fb23ff540_0 .var "mant_large", 23 0;
v0000022fb23ffa40_0 .net "mant_large_ext", 26 0, L_0000022fb23fda60;  1 drivers
v0000022fb23ffae0_0 .net "mant_rounded", 24 0, L_0000022fb23fdf60;  1 drivers
v0000022fb23ffcc0_0 .net "mant_small_aligned", 26 0, L_0000022fb23fcc00;  1 drivers
v0000022fb2400440_0 .var "mant_small_raw", 23 0;
v0000022fb23ff7c0_0 .var "mant_small_shifted", 26 0;
v0000022fb23fef00_0 .net "mant_trunc", 23 0, L_0000022fb23fe140;  1 drivers
v0000022fb23fffe0_0 .var "norm_exp", 8 0;
v0000022fb2400300_0 .var "norm_mant", 27 0;
v0000022fb23ff5e0_0 .var "norm_zero", 0 0;
v0000022fb23fefa0_0 .net "normal_overflow", 0 0, L_0000022fb23fe000;  1 drivers
v0000022fb24003a0_0 .net "normal_result", 31 0, L_0000022fb23fd100;  1 drivers
v0000022fb23ff180_0 .net "normal_underflow", 0 0, L_0000022fb2386f50;  1 drivers
v0000022fb23ffd60_0 .var "overflow", 0 0;
L_0000022fb2400ed0 .functor BUFT 1, C4<01111111110000000000000000000000>, C4<0>, C4<0>, C4<0>;
v0000022fb23ff9a0_0 .net "qnan", 31 0, L_0000022fb2400ed0;  1 drivers
v0000022fb23ffea0_0 .net "raw_result", 27 0, L_0000022fb23fec80;  1 drivers
v0000022fb23fff40_0 .var "result", 31 0;
v0000022fb23ffc20_0 .net "result_sign", 0 0, L_0000022fb23fe5a0;  1 drivers
v0000022fb23ff860_0 .net "round_bit", 0 0, L_0000022fb23fe280;  1 drivers
v0000022fb23ff040_0 .net "round_up", 0 0, L_0000022fb2387500;  1 drivers
v0000022fb24004e0_0 .net "same_sign", 0 0, L_0000022fb2386ee0;  1 drivers
v0000022fb2400080_0 .var "shift_amt", 8 0;
v0000022fb23ff720_0 .net "sign_a", 0 0, L_0000022fb23fdd80;  1 drivers
v0000022fb23fee60_0 .net "sign_b", 0 0, L_0000022fb2388060;  1 drivers
v0000022fb23ff2c0_0 .var "sign_large", 0 0;
v0000022fb23ff680_0 .var "sign_small", 0 0;
v0000022fb2400120_0 .net "sticky_bit", 0 0, L_0000022fb23fdec0;  1 drivers
v0000022fb23ffe00_0 .var "sticky_from_shift", 0 0;
v0000022fb23ffb80_0 .net "sub", 0 0, v0000022fb23fd420_0;  alias, 1 drivers
v0000022fb24001c0_0 .net "sum_ext", 27 0, L_0000022fb23fdb00;  1 drivers
v0000022fb2400260_0 .var "underflow", 0 0;
E_0000022fb2365630/0 .event anyedge, v0000022fb23f81e0_0, v0000022fb23f7600_0, v0000022fb23ff9a0_0, v0000022fb23f74c0_0;
E_0000022fb2365630/1 .event anyedge, v0000022fb23f7420_0, v0000022fb23ff720_0, v0000022fb23fee60_0, v0000022fb23f8780_0;
E_0000022fb2365630/2 .event anyedge, v0000022fb23f7ec0_0, v0000022fb23f8a00_0, v0000022fb23f8dc0_0, v0000022fb23f8960_0;
E_0000022fb2365630/3 .event anyedge, v0000022fb23f7b00_0, v0000022fb24003a0_0, v0000022fb23fefa0_0, v0000022fb23ff180_0;
E_0000022fb2365630 .event/or E_0000022fb2365630/0, E_0000022fb2365630/1, E_0000022fb2365630/2, E_0000022fb2365630/3;
E_0000022fb2365c70 .event anyedge, v0000022fb23ffae0_0, v0000022fb23fffe0_0;
E_0000022fb2367230/0 .event anyedge, v0000022fb23ffea0_0, v0000022fb24004e0_0, v0000022fb23ff5e0_0, v0000022fb23f8b40_0;
E_0000022fb2367230/1 .event anyedge, v0000022fb23f7c40_0, v0000022fb2400300_0;
E_0000022fb2367230 .event/or E_0000022fb2367230/0, E_0000022fb2367230/1;
E_0000022fb23665f0 .event anyedge, v0000022fb23f76a0_0, v0000022fb2400440_0, v0000022fb23f7740_0;
E_0000022fb2366770/0 .event anyedge, v0000022fb23f7880_0, v0000022fb23ff720_0, v0000022fb23f8960_0, v0000022fb23f9040_0;
E_0000022fb2366770/1 .event anyedge, v0000022fb23fee60_0, v0000022fb23f90e0_0, v0000022fb23f8a00_0;
E_0000022fb2366770 .event/or E_0000022fb2366770/0, E_0000022fb2366770/1;
L_0000022fb23fdd80 .part v0000022fb23ff0e0_0, 31, 1;
L_0000022fb23fdba0 .part v0000022fb23ff0e0_0, 23, 8;
L_0000022fb23fe960 .part v0000022fb23ff0e0_0, 0, 23;
L_0000022fb23fd6a0 .part v0000022fb23ff220_0, 31, 1;
L_0000022fb23fd4c0 .part v0000022fb23ff220_0, 23, 8;
L_0000022fb23fd9c0 .part v0000022fb23ff220_0, 0, 23;
L_0000022fb23feb40 .cmp/eq 8, L_0000022fb23fdba0, L_0000022fb2400618;
L_0000022fb23fea00 .cmp/ne 23, L_0000022fb23fe960, L_0000022fb2400660;
L_0000022fb23fed20 .cmp/eq 8, L_0000022fb23fd4c0, L_0000022fb24006a8;
L_0000022fb23feaa0 .cmp/ne 23, L_0000022fb23fd9c0, L_0000022fb24006f0;
L_0000022fb23fde20 .cmp/eq 8, L_0000022fb23fdba0, L_0000022fb2400738;
L_0000022fb23fc7a0 .cmp/eq 23, L_0000022fb23fe960, L_0000022fb2400780;
L_0000022fb23fc660 .cmp/eq 8, L_0000022fb23fd4c0, L_0000022fb24007c8;
L_0000022fb23fd920 .cmp/eq 23, L_0000022fb23fd9c0, L_0000022fb2400810;
L_0000022fb23fd740 .cmp/eq 8, L_0000022fb23fdba0, L_0000022fb2400858;
L_0000022fb23fc840 .cmp/eq 8, L_0000022fb23fd4c0, L_0000022fb24008a0;
L_0000022fb23fcde0 .concat [ 23 1 0 0], L_0000022fb23fe960, L_0000022fb24008e8;
L_0000022fb23fe640 .concat [ 23 1 0 0], L_0000022fb23fd9c0, L_0000022fb2400930;
L_0000022fb23fedc0 .concat [ 8 1 0 0], L_0000022fb23fdba0, L_0000022fb2400978;
L_0000022fb23fd560 .concat [ 8 1 0 0], L_0000022fb23fd4c0, L_0000022fb24009c0;
L_0000022fb23fcac0 .arith/sub 9, L_0000022fb23fedc0, L_0000022fb23fd560;
L_0000022fb23fda60 .concat [ 3 24 0 0], L_0000022fb2400a08, v0000022fb23ff540_0;
L_0000022fb23fd240 .concat [ 9 23 0 0], v0000022fb2400080_0, L_0000022fb2400a50;
L_0000022fb23fe500 .cmp/gt 32, L_0000022fb23fd240, L_0000022fb2400a98;
L_0000022fb23febe0 .part v0000022fb2400080_0, 0, 5;
L_0000022fb23fd7e0 .functor MUXZ 5, L_0000022fb23febe0, L_0000022fb2400ae0, L_0000022fb23fe500, C4<>;
L_0000022fb23fd2e0 .part v0000022fb23ff7c0_0, 1, 26;
L_0000022fb23fdc40 .part v0000022fb23ff7c0_0, 0, 1;
L_0000022fb23fcc00 .concat [ 1 26 0 0], L_0000022fb2386e70, L_0000022fb23fd2e0;
L_0000022fb23fc8e0 .concat [ 27 1 0 0], L_0000022fb23fda60, L_0000022fb2400b28;
L_0000022fb23fcf20 .concat [ 27 1 0 0], L_0000022fb23fcc00, L_0000022fb2400b70;
L_0000022fb23fdb00 .arith/sum 28, L_0000022fb23fc8e0, L_0000022fb23fcf20;
L_0000022fb23fe1e0 .concat [ 27 1 0 0], L_0000022fb23fda60, L_0000022fb2400bb8;
L_0000022fb23fc980 .concat [ 27 1 0 0], L_0000022fb23fcc00, L_0000022fb2400c00;
L_0000022fb23fe3c0 .arith/sub 28, L_0000022fb23fe1e0, L_0000022fb23fc980;
L_0000022fb23fec80 .functor MUXZ 28, L_0000022fb23fe3c0, L_0000022fb23fdb00, L_0000022fb2386ee0, C4<>;
L_0000022fb23fe320 .reduce/nor L_0000022fb2386ee0;
L_0000022fb23fcd40 .cmp/eq 28, L_0000022fb23fec80, L_0000022fb2400c48;
L_0000022fb23fe5a0 .functor MUXZ 1, v0000022fb23ff2c0_0, L_0000022fb2400c90, L_0000022fb23875e0, C4<>;
L_0000022fb23fcfc0 .part v0000022fb2400300_0, 2, 1;
L_0000022fb23fe280 .part v0000022fb2400300_0, 1, 1;
L_0000022fb23fdec0 .part v0000022fb2400300_0, 0, 1;
L_0000022fb23fe140 .part v0000022fb2400300_0, 3, 24;
L_0000022fb23fd600 .part L_0000022fb23fe140, 0, 1;
L_0000022fb23fe780 .concat [ 24 1 0 0], L_0000022fb23fe140, L_0000022fb2400cd8;
L_0000022fb23fe820 .concat [ 1 24 0 0], L_0000022fb2387500, L_0000022fb2400d20;
L_0000022fb23fdf60 .arith/sum 25, L_0000022fb23fe780, L_0000022fb23fe820;
L_0000022fb23fe000 .cmp/ge 9, v0000022fb23f8c80_0, L_0000022fb2400d68;
L_0000022fb23fe0a0 .cmp/ge 9, L_0000022fb2400db0, v0000022fb23f8c80_0;
L_0000022fb23fe460 .concat [ 23 8 1 0], L_0000022fb2400e40, L_0000022fb2400df8, L_0000022fb23fe5a0;
L_0000022fb23fc700 .concat [ 31 1 0 0], L_0000022fb2400e88, L_0000022fb23fe5a0;
L_0000022fb23fe8c0 .part v0000022fb23f8c80_0, 0, 8;
L_0000022fb23fca20 .part v0000022fb23f8d20_0, 0, 23;
L_0000022fb23fd060 .concat [ 23 8 1 0], L_0000022fb23fca20, L_0000022fb23fe8c0, L_0000022fb23fe5a0;
L_0000022fb23fce80 .functor MUXZ 32, L_0000022fb23fd060, L_0000022fb23fc700, L_0000022fb2386f50, C4<>;
L_0000022fb23fd100 .functor MUXZ 32, L_0000022fb23fce80, L_0000022fb23fe460, L_0000022fb23fe000, C4<>;
S_0000022fb23f6800 .scope function.vec4.s5, "lzc27" "lzc27" 3 138, 3 138 0, S_0000022fb23fae30;
 .timescale -9 -12;
v0000022fb23fa3a0_0 .var/i "i", 31 0;
; Variable lzc27 is vec4 return value of scope S_0000022fb23f6800
v0000022fb23fa260_0 .var "v", 26 0;
TD_Tb_dump_approx_add.dut_exact.lzc27 ;
    %pushi/vec4 27, 0, 5;
    %ret/vec4 0, 0, 5;  Assign to lzc27 (store_vec4_to_lval)
    %pushi/vec4 26, 0, 32;
    %store/vec4 v0000022fb23fa3a0_0, 0, 32;
T_3.15 ;
    %load/vec4 v0000022fb23fa3a0_0;
    %cmpi/s 0, 0, 32;
    %flag_inv 5; GE is !LT
    %jmp/0xz T_3.16, 5;
    %load/vec4 v0000022fb23fa260_0;
    %load/vec4 v0000022fb23fa3a0_0;
    %part/s 1;
    %flag_set/vec4 9;
    %flag_get/vec4 9;
    %jmp/0 T_3.19, 9;
    %retload/vec4 0; Load lzc27 (draw_signal_vec4)
    %pad/u 32;
    %pushi/vec4 27, 0, 32;
    %cmp/e;
    %flag_get/vec4 4;
    %and;
T_3.19;
    %flag_set/vec4 8;
    %jmp/0xz  T_3.17, 8;
    %pushi/vec4 26, 0, 32;
    %load/vec4 v0000022fb23fa3a0_0;
    %sub;
    %pad/s 5;
    %ret/vec4 0, 0, 5;  Assign to lzc27 (store_vec4_to_lval)
T_3.17 ;
    %load/vec4 v0000022fb23fa3a0_0;
    %subi 1, 0, 32;
    %store/vec4 v0000022fb23fa3a0_0, 0, 32;
    %jmp T_3.15;
T_3.16 ;
    %end;
    .scope S_0000022fb23fae30;
T_4 ;
    %wait E_0000022fb2366770;
    %load/vec4 v0000022fb23f7880_0;
    %pad/s 32;
    %cmpi/s 0, 0, 32;
    %flag_or 5, 4; GT is !LE
    %flag_inv 5;
    %jmp/0xz  T_4.0, 5;
    %load/vec4 v0000022fb23ff720_0;
    %store/vec4 v0000022fb23ff2c0_0, 0, 1;
    %load/vec4 v0000022fb23f8960_0;
    %store/vec4 v0000022fb23f8b40_0, 0, 8;
    %load/vec4 v0000022fb23f9040_0;
    %store/vec4 v0000022fb23ff540_0, 0, 24;
    %load/vec4 v0000022fb23fee60_0;
    %store/vec4 v0000022fb23ff680_0, 0, 1;
    %load/vec4 v0000022fb23f90e0_0;
    %store/vec4 v0000022fb2400440_0, 0, 24;
    %load/vec4 v0000022fb23f7880_0;
    %store/vec4 v0000022fb2400080_0, 0, 9;
    %jmp T_4.1;
T_4.0 ;
    %load/vec4 v0000022fb23f7880_0;
    %pad/s 32;
    %cmpi/s 0, 0, 32;
    %jmp/0xz  T_4.2, 5;
    %load/vec4 v0000022fb23fee60_0;
    %store/vec4 v0000022fb23ff2c0_0, 0, 1;
    %load/vec4 v0000022fb23f8a00_0;
    %store/vec4 v0000022fb23f8b40_0, 0, 8;
    %load/vec4 v0000022fb23f90e0_0;
    %store/vec4 v0000022fb23ff540_0, 0, 24;
    %load/vec4 v0000022fb23ff720_0;
    %store/vec4 v0000022fb23ff680_0, 0, 1;
    %load/vec4 v0000022fb23f9040_0;
    %store/vec4 v0000022fb2400440_0, 0, 24;
    %load/vec4 v0000022fb23f7880_0;
    %inv;
    %pushi/vec4 1, 0, 9;
    %add;
    %store/vec4 v0000022fb2400080_0, 0, 9;
    %jmp T_4.3;
T_4.2 ;
    %load/vec4 v0000022fb23f90e0_0;
    %load/vec4 v0000022fb23f9040_0;
    %cmp/u;
    %flag_or 5, 4;
    %jmp/0xz  T_4.4, 5;
    %load/vec4 v0000022fb23ff720_0;
    %store/vec4 v0000022fb23ff2c0_0, 0, 1;
    %load/vec4 v0000022fb23f8960_0;
    %store/vec4 v0000022fb23f8b40_0, 0, 8;
    %load/vec4 v0000022fb23f9040_0;
    %store/vec4 v0000022fb23ff540_0, 0, 24;
    %load/vec4 v0000022fb23fee60_0;
    %store/vec4 v0000022fb23ff680_0, 0, 1;
    %load/vec4 v0000022fb23f90e0_0;
    %store/vec4 v0000022fb2400440_0, 0, 24;
    %jmp T_4.5;
T_4.4 ;
    %load/vec4 v0000022fb23fee60_0;
    %store/vec4 v0000022fb23ff2c0_0, 0, 1;
    %load/vec4 v0000022fb23f8a00_0;
    %store/vec4 v0000022fb23f8b40_0, 0, 8;
    %load/vec4 v0000022fb23f90e0_0;
    %store/vec4 v0000022fb23ff540_0, 0, 24;
    %load/vec4 v0000022fb23ff720_0;
    %store/vec4 v0000022fb23ff680_0, 0, 1;
    %load/vec4 v0000022fb23f9040_0;
    %store/vec4 v0000022fb2400440_0, 0, 24;
T_4.5 ;
    %pushi/vec4 0, 0, 9;
    %store/vec4 v0000022fb2400080_0, 0, 9;
T_4.3 ;
T_4.1 ;
    %jmp T_4;
    .thread T_4, $push;
    .scope S_0000022fb23fae30;
T_5 ;
    %wait E_0000022fb23665f0;
    %load/vec4 v0000022fb23f76a0_0;
    %flag_set/vec4 8;
    %jmp/0xz  T_5.0, 8;
    %pushi/vec4 0, 0, 27;
    %store/vec4 v0000022fb23ff7c0_0, 0, 27;
    %pushi/vec4 0, 0, 1;
    %store/vec4 v0000022fb23ffe00_0, 0, 1;
    %jmp T_5.1;
T_5.0 ;
    %load/vec4 v0000022fb2400440_0;
    %concati/vec4 0, 0, 3;
    %ix/getv 4, v0000022fb23f7740_0;
    %shiftr 4;
    %store/vec4 v0000022fb23ff7c0_0, 0, 27;
    %load/vec4 v0000022fb2400440_0;
    %concati/vec4 0, 0, 3;
    %pushi/vec4 1, 0, 27;
    %ix/getv 4, v0000022fb23f7740_0;
    %shiftl 4;
    %subi 1, 0, 27;
    %and;
    %or/r;
    %store/vec4 v0000022fb23ffe00_0, 0, 1;
T_5.1 ;
    %jmp T_5;
    .thread T_5, $push;
    .scope S_0000022fb23fae30;
T_6 ;
    %wait E_0000022fb2367230;
    %load/vec4 v0000022fb23ffea0_0;
    %pushi/vec4 0, 0, 28;
    %cmp/e;
    %flag_get/vec4 4;
    %store/vec4 v0000022fb23ff5e0_0, 0, 1;
    %load/vec4 v0000022fb24004e0_0;
    %nor/r;
    %flag_set/vec4 8;
    %jmp/0xz  T_6.0, 8;
    %load/vec4 v0000022fb23ff5e0_0;
    %flag_set/vec4 8;
    %jmp/0xz  T_6.2, 8;
    %pushi/vec4 0, 0, 28;
    %store/vec4 v0000022fb2400300_0, 0, 28;
    %pushi/vec4 0, 0, 9;
    %store/vec4 v0000022fb23fffe0_0, 0, 9;
    %jmp T_6.3;
T_6.2 ;
    %load/vec4 v0000022fb23ffea0_0;
    %parti/s 1, 26, 6;
    %flag_set/vec4 8;
    %jmp/0xz  T_6.4, 8;
    %load/vec4 v0000022fb23ffea0_0;
    %store/vec4 v0000022fb2400300_0, 0, 28;
    %load/vec4 v0000022fb23f8b40_0;
    %pad/u 9;
    %store/vec4 v0000022fb23fffe0_0, 0, 9;
    %jmp T_6.5;
T_6.4 ;
    %load/vec4 v0000022fb23ffea0_0;
    %parti/s 27, 0, 2;
    %store/vec4 v0000022fb23fa260_0, 0, 27;
    %callf/vec4 TD_Tb_dump_approx_add.dut_exact.lzc27, S_0000022fb23f6800;
    %store/vec4 v0000022fb23f7c40_0, 0, 5;
    %load/vec4 v0000022fb23ffea0_0;
    %ix/getv 4, v0000022fb23f7c40_0;
    %shiftl 4;
    %store/vec4 v0000022fb2400300_0, 0, 28;
    %load/vec4 v0000022fb23f8b40_0;
    %pad/u 9;
    %load/vec4 v0000022fb23f7c40_0;
    %pad/u 9;
    %sub;
    %store/vec4 v0000022fb23fffe0_0, 0, 9;
T_6.5 ;
T_6.3 ;
    %jmp T_6.1;
T_6.0 ;
    %load/vec4 v0000022fb23ffea0_0;
    %parti/s 1, 27, 6;
    %flag_set/vec4 8;
    %jmp/0xz  T_6.6, 8;
    %pushi/vec4 0, 0, 1;
    %load/vec4 v0000022fb23ffea0_0;
    %parti/s 27, 1, 2;
    %concat/vec4; draw_concat_vec4
    %store/vec4 v0000022fb2400300_0, 0, 28;
    %load/vec4 v0000022fb2400300_0;
    %parti/s 1, 0, 2;
    %load/vec4 v0000022fb23ffea0_0;
    %parti/s 1, 0, 2;
    %or;
    %ix/load 4, 0, 0;
    %flag_set/imm 4, 0;
    %store/vec4 v0000022fb2400300_0, 4, 1;
    %load/vec4 v0000022fb23f8b40_0;
    %pad/u 9;
    %addi 1, 0, 9;
    %store/vec4 v0000022fb23fffe0_0, 0, 9;
    %jmp T_6.7;
T_6.6 ;
    %load/vec4 v0000022fb23ffea0_0;
    %store/vec4 v0000022fb2400300_0, 0, 28;
    %load/vec4 v0000022fb23f8b40_0;
    %pad/u 9;
    %store/vec4 v0000022fb23fffe0_0, 0, 9;
T_6.7 ;
T_6.1 ;
    %jmp T_6;
    .thread T_6, $push;
    .scope S_0000022fb23fae30;
T_7 ;
    %wait E_0000022fb2365c70;
    %load/vec4 v0000022fb23ffae0_0;
    %parti/s 1, 24, 6;
    %flag_set/vec4 8;
    %jmp/0xz  T_7.0, 8;
    %load/vec4 v0000022fb23ffae0_0;
    %parti/s 24, 1, 2;
    %store/vec4 v0000022fb23f8d20_0, 0, 24;
    %load/vec4 v0000022fb23fffe0_0;
    %addi 1, 0, 9;
    %store/vec4 v0000022fb23f8c80_0, 0, 9;
    %jmp T_7.1;
T_7.0 ;
    %load/vec4 v0000022fb23ffae0_0;
    %parti/s 24, 0, 2;
    %store/vec4 v0000022fb23f8d20_0, 0, 24;
    %load/vec4 v0000022fb23fffe0_0;
    %store/vec4 v0000022fb23f8c80_0, 0, 9;
T_7.1 ;
    %jmp T_7;
    .thread T_7, $push;
    .scope S_0000022fb23fae30;
T_8 ;
    %wait E_0000022fb2365630;
    %pushi/vec4 0, 0, 1;
    %store/vec4 v0000022fb23ffd60_0, 0, 1;
    %pushi/vec4 0, 0, 1;
    %store/vec4 v0000022fb2400260_0, 0, 1;
    %pushi/vec4 0, 0, 1;
    %store/vec4 v0000022fb23f8fa0_0, 0, 1;
    %load/vec4 v0000022fb23f81e0_0;
    %flag_set/vec4 8;
    %jmp/1 T_8.2, 8;
    %load/vec4 v0000022fb23f7600_0;
    %flag_set/vec4 9;
    %flag_or 8, 9;
T_8.2;
    %jmp/0xz  T_8.0, 8;
    %load/vec4 v0000022fb23ff9a0_0;
    %store/vec4 v0000022fb23fff40_0, 0, 32;
    %pushi/vec4 1, 0, 1;
    %store/vec4 v0000022fb23f8fa0_0, 0, 1;
    %jmp T_8.1;
T_8.0 ;
    %load/vec4 v0000022fb23f74c0_0;
    %flag_set/vec4 10;
    %flag_get/vec4 10;
    %jmp/0 T_8.6, 10;
    %load/vec4 v0000022fb23f7420_0;
    %and;
T_8.6;
    %flag_set/vec4 9;
    %flag_get/vec4 9;
    %jmp/0 T_8.5, 9;
    %load/vec4 v0000022fb23ff720_0;
    %load/vec4 v0000022fb23fee60_0;
    %cmp/ne;
    %flag_get/vec4 4;
    %and;
T_8.5;
    %flag_set/vec4 8;
    %jmp/0xz  T_8.3, 8;
    %load/vec4 v0000022fb23ff9a0_0;
    %store/vec4 v0000022fb23fff40_0, 0, 32;
    %pushi/vec4 1, 0, 1;
    %store/vec4 v0000022fb23f8fa0_0, 0, 1;
    %jmp T_8.4;
T_8.3 ;
    %load/vec4 v0000022fb23f74c0_0;
    %flag_set/vec4 8;
    %jmp/0xz  T_8.7, 8;
    %load/vec4 v0000022fb23ff720_0;
    %concati/vec4 255, 0, 8;
    %concati/vec4 0, 0, 23;
    %store/vec4 v0000022fb23fff40_0, 0, 32;
    %jmp T_8.8;
T_8.7 ;
    %load/vec4 v0000022fb23f7420_0;
    %flag_set/vec4 8;
    %jmp/0xz  T_8.9, 8;
    %load/vec4 v0000022fb23fee60_0;
    %concati/vec4 255, 0, 8;
    %concati/vec4 0, 0, 23;
    %store/vec4 v0000022fb23fff40_0, 0, 32;
    %jmp T_8.10;
T_8.9 ;
    %load/vec4 v0000022fb23f8780_0;
    %flag_set/vec4 9;
    %flag_get/vec4 9;
    %jmp/0 T_8.13, 9;
    %load/vec4 v0000022fb23f7ec0_0;
    %and;
T_8.13;
    %flag_set/vec4 8;
    %jmp/0xz  T_8.11, 8;
    %load/vec4 v0000022fb23ff720_0;
    %load/vec4 v0000022fb23fee60_0;
    %and;
    %concati/vec4 0, 0, 31;
    %store/vec4 v0000022fb23fff40_0, 0, 32;
    %jmp T_8.12;
T_8.11 ;
    %load/vec4 v0000022fb23f8780_0;
    %flag_set/vec4 8;
    %jmp/0xz  T_8.14, 8;
    %load/vec4 v0000022fb23fee60_0;
    %load/vec4 v0000022fb23f8a00_0;
    %concat/vec4; draw_concat_vec4
    %load/vec4 v0000022fb23f8dc0_0;
    %concat/vec4; draw_concat_vec4
    %store/vec4 v0000022fb23fff40_0, 0, 32;
    %jmp T_8.15;
T_8.14 ;
    %load/vec4 v0000022fb23f7ec0_0;
    %flag_set/vec4 8;
    %jmp/0xz  T_8.16, 8;
    %load/vec4 v0000022fb23ff720_0;
    %load/vec4 v0000022fb23f8960_0;
    %concat/vec4; draw_concat_vec4
    %load/vec4 v0000022fb23f7b00_0;
    %concat/vec4; draw_concat_vec4
    %store/vec4 v0000022fb23fff40_0, 0, 32;
    %jmp T_8.17;
T_8.16 ;
    %load/vec4 v0000022fb24003a0_0;
    %store/vec4 v0000022fb23fff40_0, 0, 32;
    %load/vec4 v0000022fb23fefa0_0;
    %store/vec4 v0000022fb23ffd60_0, 0, 1;
    %load/vec4 v0000022fb23ff180_0;
    %flag_set/vec4 8;
    %flag_get/vec4 8;
    %jmp/0 T_8.18, 8;
    %load/vec4 v0000022fb23fefa0_0;
    %nor/r;
    %and;
T_8.18;
    %store/vec4 v0000022fb2400260_0, 0, 1;
T_8.17 ;
T_8.15 ;
T_8.12 ;
T_8.10 ;
T_8.8 ;
T_8.4 ;
T_8.1 ;
    %jmp T_8;
    .thread T_8, $push;
    .scope S_0000022fb23ee030;
T_9 ;
    %wait E_0000022fb23686b0;
    %load/vec4 v0000022fb23f28f0_0;
    %pad/s 32;
    %cmpi/s 0, 0, 32;
    %flag_or 5, 4; GT is !LE
    %flag_inv 5;
    %jmp/0xz  T_9.0, 5;
    %load/vec4 v0000022fb23f4ab0_0;
    %store/vec4 v0000022fb23fac60_0, 0, 1;
    %load/vec4 v0000022fb23f37f0_0;
    %store/vec4 v0000022fb23f4830_0, 0, 8;
    %load/vec4 v0000022fb23f40b0_0;
    %store/vec4 v0000022fb23f2c10_0, 0, 24;
    %load/vec4 v0000022fb23f97c0_0;
    %store/vec4 v0000022fb23f9ea0_0, 0, 1;
    %load/vec4 v0000022fb23f3cf0_0;
    %store/vec4 v0000022fb23f4330_0, 0, 24;
    %load/vec4 v0000022fb23f28f0_0;
    %store/vec4 v0000022fb23f4a10_0, 0, 9;
    %jmp T_9.1;
T_9.0 ;
    %load/vec4 v0000022fb23f28f0_0;
    %pad/s 32;
    %cmpi/s 0, 0, 32;
    %jmp/0xz  T_9.2, 5;
    %load/vec4 v0000022fb23f97c0_0;
    %store/vec4 v0000022fb23fac60_0, 0, 1;
    %load/vec4 v0000022fb23f3890_0;
    %store/vec4 v0000022fb23f4830_0, 0, 8;
    %load/vec4 v0000022fb23f3cf0_0;
    %store/vec4 v0000022fb23f2c10_0, 0, 24;
    %load/vec4 v0000022fb23f4ab0_0;
    %store/vec4 v0000022fb23f9ea0_0, 0, 1;
    %load/vec4 v0000022fb23f40b0_0;
    %store/vec4 v0000022fb23f4330_0, 0, 24;
    %load/vec4 v0000022fb23f28f0_0;
    %inv;
    %pushi/vec4 1, 0, 9;
    %add;
    %store/vec4 v0000022fb23f4a10_0, 0, 9;
    %jmp T_9.3;
T_9.2 ;
    %load/vec4 v0000022fb23f3cf0_0;
    %load/vec4 v0000022fb23f40b0_0;
    %cmp/u;
    %flag_or 5, 4;
    %jmp/0xz  T_9.4, 5;
    %load/vec4 v0000022fb23f4ab0_0;
    %store/vec4 v0000022fb23fac60_0, 0, 1;
    %load/vec4 v0000022fb23f37f0_0;
    %store/vec4 v0000022fb23f4830_0, 0, 8;
    %load/vec4 v0000022fb23f40b0_0;
    %store/vec4 v0000022fb23f2c10_0, 0, 24;
    %load/vec4 v0000022fb23f97c0_0;
    %store/vec4 v0000022fb23f9ea0_0, 0, 1;
    %load/vec4 v0000022fb23f3cf0_0;
    %store/vec4 v0000022fb23f4330_0, 0, 24;
    %jmp T_9.5;
T_9.4 ;
    %load/vec4 v0000022fb23f97c0_0;
    %store/vec4 v0000022fb23fac60_0, 0, 1;
    %load/vec4 v0000022fb23f3890_0;
    %store/vec4 v0000022fb23f4830_0, 0, 8;
    %load/vec4 v0000022fb23f3cf0_0;
    %store/vec4 v0000022fb23f2c10_0, 0, 24;
    %load/vec4 v0000022fb23f4ab0_0;
    %store/vec4 v0000022fb23f9ea0_0, 0, 1;
    %load/vec4 v0000022fb23f40b0_0;
    %store/vec4 v0000022fb23f4330_0, 0, 24;
T_9.5 ;
    %pushi/vec4 0, 0, 9;
    %store/vec4 v0000022fb23f4a10_0, 0, 9;
T_9.3 ;
T_9.1 ;
    %jmp T_9;
    .thread T_9, $push;
    .scope S_0000022fb23ee030;
T_10 ;
    %wait E_0000022fb2368670;
    %load/vec4 v0000022fb23f3a70_0;
    %flag_set/vec4 8;
    %jmp/0xz  T_10.0, 8;
    %pushi/vec4 0, 0, 27;
    %store/vec4 v0000022fb23f2f30_0, 0, 27;
    %pushi/vec4 0, 0, 1;
    %store/vec4 v0000022fb23fa440_0, 0, 1;
    %jmp T_10.1;
T_10.0 ;
    %load/vec4 v0000022fb23f4330_0;
    %concati/vec4 0, 0, 3;
    %ix/getv 4, v0000022fb23f3b10_0;
    %shiftr 4;
    %store/vec4 v0000022fb23f2f30_0, 0, 27;
    %load/vec4 v0000022fb23f4330_0;
    %concati/vec4 0, 0, 3;
    %pushi/vec4 1, 0, 27;
    %ix/getv 4, v0000022fb23f3b10_0;
    %shiftl 4;
    %subi 1, 0, 27;
    %and;
    %or/r;
    %store/vec4 v0000022fb23fa440_0, 0, 1;
T_10.1 ;
    %jmp T_10;
    .thread T_10, $push;
    .scope S_0000022fb23ee030;
T_11 ;
    %wait E_0000022fb23685b0;
    %load/vec4 v0000022fb23f2fd0_0;
    %pushi/vec4 0, 0, 28;
    %cmp/e;
    %flag_get/vec4 4;
    %store/vec4 v0000022fb23f3070_0, 0, 1;
    %load/vec4 v0000022fb23f4970_0;
    %nor/r;
    %flag_set/vec4 8;
    %jmp/0xz  T_11.0, 8;
    %load/vec4 v0000022fb23f3070_0;
    %flag_set/vec4 8;
    %jmp/0xz  T_11.2, 8;
    %pushi/vec4 0, 0, 28;
    %store/vec4 v0000022fb23f4010_0, 0, 28;
    %pushi/vec4 0, 0, 9;
    %store/vec4 v0000022fb23f31b0_0, 0, 9;
    %jmp T_11.3;
T_11.2 ;
    %load/vec4 v0000022fb23f2fd0_0;
    %parti/s 1, 26, 6;
    %flag_set/vec4 8;
    %jmp/0xz  T_11.4, 8;
    %load/vec4 v0000022fb23f2fd0_0;
    %store/vec4 v0000022fb23f4010_0, 0, 28;
    %load/vec4 v0000022fb23f4830_0;
    %pad/u 9;
    %store/vec4 v0000022fb23f31b0_0, 0, 9;
    %jmp T_11.5;
T_11.4 ;
    %load/vec4 v0000022fb23f2fd0_0;
    %parti/s 27, 0, 2;
    %store/vec4 v0000022fb23f2120_0, 0, 27;
    %callf/vec4 TD_Tb_dump_approx_add.dut8.lzc27, S_0000022fb23f2660;
    %store/vec4 v0000022fb23f2ad0_0, 0, 5;
    %load/vec4 v0000022fb23f2fd0_0;
    %ix/getv 4, v0000022fb23f2ad0_0;
    %shiftl 4;
    %store/vec4 v0000022fb23f4010_0, 0, 28;
    %load/vec4 v0000022fb23f4830_0;
    %pad/u 9;
    %load/vec4 v0000022fb23f2ad0_0;
    %pad/u 9;
    %sub;
    %store/vec4 v0000022fb23f31b0_0, 0, 9;
T_11.5 ;
T_11.3 ;
    %jmp T_11.1;
T_11.0 ;
    %load/vec4 v0000022fb23f2fd0_0;
    %parti/s 1, 27, 6;
    %flag_set/vec4 8;
    %jmp/0xz  T_11.6, 8;
    %pushi/vec4 0, 0, 1;
    %load/vec4 v0000022fb23f2fd0_0;
    %parti/s 27, 1, 2;
    %concat/vec4; draw_concat_vec4
    %store/vec4 v0000022fb23f4010_0, 0, 28;
    %load/vec4 v0000022fb23f4010_0;
    %parti/s 1, 0, 2;
    %load/vec4 v0000022fb23f2fd0_0;
    %parti/s 1, 0, 2;
    %or;
    %ix/load 4, 0, 0;
    %flag_set/imm 4, 0;
    %store/vec4 v0000022fb23f4010_0, 4, 1;
    %load/vec4 v0000022fb23f4830_0;
    %pad/u 9;
    %addi 1, 0, 9;
    %store/vec4 v0000022fb23f31b0_0, 0, 9;
    %jmp T_11.7;
T_11.6 ;
    %load/vec4 v0000022fb23f2fd0_0;
    %store/vec4 v0000022fb23f4010_0, 0, 28;
    %load/vec4 v0000022fb23f4830_0;
    %pad/u 9;
    %store/vec4 v0000022fb23f31b0_0, 0, 9;
T_11.7 ;
T_11.1 ;
    %jmp T_11;
    .thread T_11, $push;
    .scope S_0000022fb23ee030;
T_12 ;
    %wait E_0000022fb2368cb0;
    %load/vec4 v0000022fb23f3d90_0;
    %parti/s 1, 24, 6;
    %flag_set/vec4 8;
    %jmp/0xz  T_12.0, 8;
    %load/vec4 v0000022fb23f3d90_0;
    %parti/s 24, 1, 2;
    %store/vec4 v0000022fb23f4790_0, 0, 24;
    %load/vec4 v0000022fb23f31b0_0;
    %addi 1, 0, 9;
    %store/vec4 v0000022fb23f46f0_0, 0, 9;
    %jmp T_12.1;
T_12.0 ;
    %load/vec4 v0000022fb23f3d90_0;
    %parti/s 24, 0, 2;
    %store/vec4 v0000022fb23f4790_0, 0, 24;
    %load/vec4 v0000022fb23f31b0_0;
    %store/vec4 v0000022fb23f46f0_0, 0, 9;
T_12.1 ;
    %jmp T_12;
    .thread T_12, $push;
    .scope S_0000022fb23ee030;
T_13 ;
    %wait E_0000022fb2368a30;
    %pushi/vec4 0, 0, 1;
    %store/vec4 v0000022fb23f4650_0, 0, 1;
    %pushi/vec4 0, 0, 1;
    %store/vec4 v0000022fb23fa4e0_0, 0, 1;
    %pushi/vec4 0, 0, 1;
    %store/vec4 v0000022fb23f3bb0_0, 0, 1;
    %load/vec4 v0000022fb23f3610_0;
    %flag_set/vec4 8;
    %jmp/1 T_13.2, 8;
    %load/vec4 v0000022fb23f2e90_0;
    %flag_set/vec4 9;
    %flag_or 8, 9;
T_13.2;
    %jmp/0xz  T_13.0, 8;
    %load/vec4 v0000022fb23f41f0_0;
    %store/vec4 v0000022fb23f4c90_0, 0, 32;
    %pushi/vec4 1, 0, 1;
    %store/vec4 v0000022fb23f3bb0_0, 0, 1;
    %jmp T_13.1;
T_13.0 ;
    %load/vec4 v0000022fb23f2b70_0;
    %flag_set/vec4 10;
    %flag_get/vec4 10;
    %jmp/0 T_13.6, 10;
    %load/vec4 v0000022fb23f2850_0;
    %and;
T_13.6;
    %flag_set/vec4 9;
    %flag_get/vec4 9;
    %jmp/0 T_13.5, 9;
    %load/vec4 v0000022fb23f4ab0_0;
    %load/vec4 v0000022fb23f97c0_0;
    %cmp/ne;
    %flag_get/vec4 4;
    %and;
T_13.5;
    %flag_set/vec4 8;
    %jmp/0xz  T_13.3, 8;
    %load/vec4 v0000022fb23f41f0_0;
    %store/vec4 v0000022fb23f4c90_0, 0, 32;
    %pushi/vec4 1, 0, 1;
    %store/vec4 v0000022fb23f3bb0_0, 0, 1;
    %jmp T_13.4;
T_13.3 ;
    %load/vec4 v0000022fb23f2b70_0;
    %flag_set/vec4 8;
    %jmp/0xz  T_13.7, 8;
    %load/vec4 v0000022fb23f4ab0_0;
    %concati/vec4 255, 0, 8;
    %concati/vec4 0, 0, 23;
    %store/vec4 v0000022fb23f4c90_0, 0, 32;
    %jmp T_13.8;
T_13.7 ;
    %load/vec4 v0000022fb23f2850_0;
    %flag_set/vec4 8;
    %jmp/0xz  T_13.9, 8;
    %load/vec4 v0000022fb23f97c0_0;
    %concati/vec4 255, 0, 8;
    %concati/vec4 0, 0, 23;
    %store/vec4 v0000022fb23f4c90_0, 0, 32;
    %jmp T_13.10;
T_13.9 ;
    %load/vec4 v0000022fb23f3750_0;
    %flag_set/vec4 9;
    %flag_get/vec4 9;
    %jmp/0 T_13.13, 9;
    %load/vec4 v0000022fb23f3930_0;
    %and;
T_13.13;
    %flag_set/vec4 8;
    %jmp/0xz  T_13.11, 8;
    %load/vec4 v0000022fb23f4ab0_0;
    %load/vec4 v0000022fb23f97c0_0;
    %and;
    %concati/vec4 0, 0, 31;
    %store/vec4 v0000022fb23f4c90_0, 0, 32;
    %jmp T_13.12;
T_13.11 ;
    %load/vec4 v0000022fb23f3750_0;
    %flag_set/vec4 8;
    %jmp/0xz  T_13.14, 8;
    %load/vec4 v0000022fb23f97c0_0;
    %load/vec4 v0000022fb23f3890_0;
    %concat/vec4; draw_concat_vec4
    %load/vec4 v0000022fb23f39d0_0;
    %concat/vec4; draw_concat_vec4
    %store/vec4 v0000022fb23f4c90_0, 0, 32;
    %jmp T_13.15;
T_13.14 ;
    %load/vec4 v0000022fb23f3930_0;
    %flag_set/vec4 8;
    %jmp/0xz  T_13.16, 8;
    %load/vec4 v0000022fb23f4ab0_0;
    %load/vec4 v0000022fb23f37f0_0;
    %concat/vec4; draw_concat_vec4
    %load/vec4 v0000022fb23f32f0_0;
    %concat/vec4; draw_concat_vec4
    %store/vec4 v0000022fb23f4c90_0, 0, 32;
    %jmp T_13.17;
T_13.16 ;
    %load/vec4 v0000022fb23f4150_0;
    %store/vec4 v0000022fb23f4c90_0, 0, 32;
    %load/vec4 v0000022fb23f2d50_0;
    %store/vec4 v0000022fb23f4650_0, 0, 1;
    %load/vec4 v0000022fb23f3250_0;
    %flag_set/vec4 8;
    %flag_get/vec4 8;
    %jmp/0 T_13.18, 8;
    %load/vec4 v0000022fb23f2d50_0;
    %nor/r;
    %and;
T_13.18;
    %store/vec4 v0000022fb23fa4e0_0, 0, 1;
T_13.17 ;
T_13.15 ;
T_13.12 ;
T_13.10 ;
T_13.8 ;
T_13.4 ;
T_13.1 ;
    %jmp T_13;
    .thread T_13, $push;
    .scope S_0000022fb238f020;
T_14 ;
    %wait E_0000022fb2369230;
    %load/vec4 v0000022fb23ee340_0;
    %pad/s 32;
    %cmpi/s 0, 0, 32;
    %flag_or 5, 4; GT is !LE
    %flag_inv 5;
    %jmp/0xz  T_14.0, 5;
    %load/vec4 v0000022fb23f10e0_0;
    %store/vec4 v0000022fb23f1fe0_0, 0, 1;
    %load/vec4 v0000022fb23ee2a0_0;
    %store/vec4 v0000022fb23ee3e0_0, 0, 8;
    %load/vec4 v0000022fb23ee480_0;
    %store/vec4 v0000022fb23ee840_0, 0, 24;
    %load/vec4 v0000022fb23f17c0_0;
    %store/vec4 v0000022fb23f1d60_0, 0, 1;
    %load/vec4 v0000022fb23ee5c0_0;
    %store/vec4 v0000022fb23ee980_0, 0, 24;
    %load/vec4 v0000022fb23ee340_0;
    %store/vec4 v0000022fb23f2080_0, 0, 9;
    %jmp T_14.1;
T_14.0 ;
    %load/vec4 v0000022fb23ee340_0;
    %pad/s 32;
    %cmpi/s 0, 0, 32;
    %jmp/0xz  T_14.2, 5;
    %load/vec4 v0000022fb23f17c0_0;
    %store/vec4 v0000022fb23f1fe0_0, 0, 1;
    %load/vec4 v0000022fb23ef060_0;
    %store/vec4 v0000022fb23ee3e0_0, 0, 8;
    %load/vec4 v0000022fb23ee5c0_0;
    %store/vec4 v0000022fb23ee840_0, 0, 24;
    %load/vec4 v0000022fb23f10e0_0;
    %store/vec4 v0000022fb23f1d60_0, 0, 1;
    %load/vec4 v0000022fb23ee480_0;
    %store/vec4 v0000022fb23ee980_0, 0, 24;
    %load/vec4 v0000022fb23ee340_0;
    %inv;
    %pushi/vec4 1, 0, 9;
    %add;
    %store/vec4 v0000022fb23f2080_0, 0, 9;
    %jmp T_14.3;
T_14.2 ;
    %load/vec4 v0000022fb23ee5c0_0;
    %load/vec4 v0000022fb23ee480_0;
    %cmp/u;
    %flag_or 5, 4;
    %jmp/0xz  T_14.4, 5;
    %load/vec4 v0000022fb23f10e0_0;
    %store/vec4 v0000022fb23f1fe0_0, 0, 1;
    %load/vec4 v0000022fb23ee2a0_0;
    %store/vec4 v0000022fb23ee3e0_0, 0, 8;
    %load/vec4 v0000022fb23ee480_0;
    %store/vec4 v0000022fb23ee840_0, 0, 24;
    %load/vec4 v0000022fb23f17c0_0;
    %store/vec4 v0000022fb23f1d60_0, 0, 1;
    %load/vec4 v0000022fb23ee5c0_0;
    %store/vec4 v0000022fb23ee980_0, 0, 24;
    %jmp T_14.5;
T_14.4 ;
    %load/vec4 v0000022fb23f17c0_0;
    %store/vec4 v0000022fb23f1fe0_0, 0, 1;
    %load/vec4 v0000022fb23ef060_0;
    %store/vec4 v0000022fb23ee3e0_0, 0, 8;
    %load/vec4 v0000022fb23ee5c0_0;
    %store/vec4 v0000022fb23ee840_0, 0, 24;
    %load/vec4 v0000022fb23f10e0_0;
    %store/vec4 v0000022fb23f1d60_0, 0, 1;
    %load/vec4 v0000022fb23ee480_0;
    %store/vec4 v0000022fb23ee980_0, 0, 24;
T_14.5 ;
    %pushi/vec4 0, 0, 9;
    %store/vec4 v0000022fb23f2080_0, 0, 9;
T_14.3 ;
T_14.1 ;
    %jmp T_14;
    .thread T_14, $push;
    .scope S_0000022fb238f020;
T_15 ;
    %wait E_0000022fb2368570;
    %load/vec4 v0000022fb23ef6a0_0;
    %flag_set/vec4 8;
    %jmp/0xz  T_15.0, 8;
    %pushi/vec4 0, 0, 27;
    %store/vec4 v0000022fb23eea20_0, 0, 27;
    %pushi/vec4 0, 0, 1;
    %store/vec4 v0000022fb23f1f40_0, 0, 1;
    %jmp T_15.1;
T_15.0 ;
    %load/vec4 v0000022fb23ee980_0;
    %concati/vec4 0, 0, 3;
    %ix/getv 4, v0000022fb23f0640_0;
    %shiftr 4;
    %store/vec4 v0000022fb23eea20_0, 0, 27;
    %load/vec4 v0000022fb23ee980_0;
    %concati/vec4 0, 0, 3;
    %pushi/vec4 1, 0, 27;
    %ix/getv 4, v0000022fb23f0640_0;
    %shiftl 4;
    %subi 1, 0, 27;
    %and;
    %or/r;
    %store/vec4 v0000022fb23f1f40_0, 0, 1;
T_15.1 ;
    %jmp T_15;
    .thread T_15, $push;
    .scope S_0000022fb238f020;
T_16 ;
    %wait E_0000022fb2367c30;
    %load/vec4 v0000022fb23f1220_0;
    %pushi/vec4 0, 0, 28;
    %cmp/e;
    %flag_get/vec4 4;
    %store/vec4 v0000022fb23f1860_0, 0, 1;
    %load/vec4 v0000022fb23f1040_0;
    %nor/r;
    %flag_set/vec4 8;
    %jmp/0xz  T_16.0, 8;
    %load/vec4 v0000022fb23f1860_0;
    %flag_set/vec4 8;
    %jmp/0xz  T_16.2, 8;
    %pushi/vec4 0, 0, 28;
    %store/vec4 v0000022fb23eec00_0, 0, 28;
    %pushi/vec4 0, 0, 9;
    %store/vec4 v0000022fb23eeac0_0, 0, 9;
    %jmp T_16.3;
T_16.2 ;
    %load/vec4 v0000022fb23f1220_0;
    %parti/s 1, 26, 6;
    %flag_set/vec4 8;
    %jmp/0xz  T_16.4, 8;
    %load/vec4 v0000022fb23f1220_0;
    %store/vec4 v0000022fb23eec00_0, 0, 28;
    %load/vec4 v0000022fb23ee3e0_0;
    %pad/u 9;
    %store/vec4 v0000022fb23eeac0_0, 0, 9;
    %jmp T_16.5;
T_16.4 ;
    %load/vec4 v0000022fb23f1220_0;
    %parti/s 27, 0, 2;
    %store/vec4 v0000022fb23ec570_0, 0, 27;
    %callf/vec4 TD_Tb_dump_approx_add.dut4.lzc27, S_0000022fb22e0860;
    %store/vec4 v0000022fb23ef240_0, 0, 5;
    %load/vec4 v0000022fb23f1220_0;
    %ix/getv 4, v0000022fb23ef240_0;
    %shiftl 4;
    %store/vec4 v0000022fb23eec00_0, 0, 28;
    %load/vec4 v0000022fb23ee3e0_0;
    %pad/u 9;
    %load/vec4 v0000022fb23ef240_0;
    %pad/u 9;
    %sub;
    %store/vec4 v0000022fb23eeac0_0, 0, 9;
T_16.5 ;
T_16.3 ;
    %jmp T_16.1;
T_16.0 ;
    %load/vec4 v0000022fb23f1220_0;
    %parti/s 1, 27, 6;
    %flag_set/vec4 8;
    %jmp/0xz  T_16.6, 8;
    %pushi/vec4 0, 0, 1;
    %load/vec4 v0000022fb23f1220_0;
    %parti/s 27, 1, 2;
    %concat/vec4; draw_concat_vec4
    %store/vec4 v0000022fb23eec00_0, 0, 28;
    %load/vec4 v0000022fb23eec00_0;
    %parti/s 1, 0, 2;
    %load/vec4 v0000022fb23f1220_0;
    %parti/s 1, 0, 2;
    %or;
    %ix/load 4, 0, 0;
    %flag_set/imm 4, 0;
    %store/vec4 v0000022fb23eec00_0, 4, 1;
    %load/vec4 v0000022fb23ee3e0_0;
    %pad/u 9;
    %addi 1, 0, 9;
    %store/vec4 v0000022fb23eeac0_0, 0, 9;
    %jmp T_16.7;
T_16.6 ;
    %load/vec4 v0000022fb23f1220_0;
    %store/vec4 v0000022fb23eec00_0, 0, 28;
    %load/vec4 v0000022fb23ee3e0_0;
    %pad/u 9;
    %store/vec4 v0000022fb23eeac0_0, 0, 9;
T_16.7 ;
T_16.1 ;
    %jmp T_16;
    .thread T_16, $push;
    .scope S_0000022fb238f020;
T_17 ;
    %wait E_0000022fb2367870;
    %load/vec4 v0000022fb23ef2e0_0;
    %parti/s 1, 24, 6;
    %flag_set/vec4 8;
    %jmp/0xz  T_17.0, 8;
    %load/vec4 v0000022fb23ef2e0_0;
    %parti/s 24, 1, 2;
    %store/vec4 v0000022fb23f0460_0, 0, 24;
    %load/vec4 v0000022fb23eeac0_0;
    %addi 1, 0, 9;
    %store/vec4 v0000022fb23efce0_0, 0, 9;
    %jmp T_17.1;
T_17.0 ;
    %load/vec4 v0000022fb23ef2e0_0;
    %parti/s 24, 0, 2;
    %store/vec4 v0000022fb23f0460_0, 0, 24;
    %load/vec4 v0000022fb23eeac0_0;
    %store/vec4 v0000022fb23efce0_0, 0, 9;
T_17.1 ;
    %jmp T_17;
    .thread T_17, $push;
    .scope S_0000022fb238f020;
T_18 ;
    %wait E_0000022fb23676b0;
    %pushi/vec4 0, 0, 1;
    %store/vec4 v0000022fb23f19a0_0, 0, 1;
    %pushi/vec4 0, 0, 1;
    %store/vec4 v0000022fb23f1900_0, 0, 1;
    %pushi/vec4 0, 0, 1;
    %store/vec4 v0000022fb23efe20_0, 0, 1;
    %load/vec4 v0000022fb23eee80_0;
    %flag_set/vec4 8;
    %jmp/1 T_18.2, 8;
    %load/vec4 v0000022fb23f0820_0;
    %flag_set/vec4 9;
    %flag_or 8, 9;
T_18.2;
    %jmp/0xz  T_18.0, 8;
    %load/vec4 v0000022fb23f1cc0_0;
    %store/vec4 v0000022fb23f1360_0, 0, 32;
    %pushi/vec4 1, 0, 1;
    %store/vec4 v0000022fb23efe20_0, 0, 1;
    %jmp T_18.1;
T_18.0 ;
    %load/vec4 v0000022fb23eef20_0;
    %flag_set/vec4 10;
    %flag_get/vec4 10;
    %jmp/0 T_18.6, 10;
    %load/vec4 v0000022fb23f0780_0;
    %and;
T_18.6;
    %flag_set/vec4 9;
    %flag_get/vec4 9;
    %jmp/0 T_18.5, 9;
    %load/vec4 v0000022fb23f10e0_0;
    %load/vec4 v0000022fb23f17c0_0;
    %cmp/ne;
    %flag_get/vec4 4;
    %and;
T_18.5;
    %flag_set/vec4 8;
    %jmp/0xz  T_18.3, 8;
    %load/vec4 v0000022fb23f1cc0_0;
    %store/vec4 v0000022fb23f1360_0, 0, 32;
    %pushi/vec4 1, 0, 1;
    %store/vec4 v0000022fb23efe20_0, 0, 1;
    %jmp T_18.4;
T_18.3 ;
    %load/vec4 v0000022fb23eef20_0;
    %flag_set/vec4 8;
    %jmp/0xz  T_18.7, 8;
    %load/vec4 v0000022fb23f10e0_0;
    %concati/vec4 255, 0, 8;
    %concati/vec4 0, 0, 23;
    %store/vec4 v0000022fb23f1360_0, 0, 32;
    %jmp T_18.8;
T_18.7 ;
    %load/vec4 v0000022fb23f0780_0;
    %flag_set/vec4 8;
    %jmp/0xz  T_18.9, 8;
    %load/vec4 v0000022fb23f17c0_0;
    %concati/vec4 255, 0, 8;
    %concati/vec4 0, 0, 23;
    %store/vec4 v0000022fb23f1360_0, 0, 32;
    %jmp T_18.10;
T_18.9 ;
    %load/vec4 v0000022fb23ef600_0;
    %flag_set/vec4 9;
    %flag_get/vec4 9;
    %jmp/0 T_18.13, 9;
    %load/vec4 v0000022fb23efa60_0;
    %and;
T_18.13;
    %flag_set/vec4 8;
    %jmp/0xz  T_18.11, 8;
    %load/vec4 v0000022fb23f10e0_0;
    %load/vec4 v0000022fb23f17c0_0;
    %and;
    %concati/vec4 0, 0, 31;
    %store/vec4 v0000022fb23f1360_0, 0, 32;
    %jmp T_18.12;
T_18.11 ;
    %load/vec4 v0000022fb23ef600_0;
    %flag_set/vec4 8;
    %jmp/0xz  T_18.14, 8;
    %load/vec4 v0000022fb23f17c0_0;
    %load/vec4 v0000022fb23ef060_0;
    %concat/vec4; draw_concat_vec4
    %load/vec4 v0000022fb23eeb60_0;
    %concat/vec4; draw_concat_vec4
    %store/vec4 v0000022fb23f1360_0, 0, 32;
    %jmp T_18.15;
T_18.14 ;
    %load/vec4 v0000022fb23efa60_0;
    %flag_set/vec4 8;
    %jmp/0xz  T_18.16, 8;
    %load/vec4 v0000022fb23f10e0_0;
    %load/vec4 v0000022fb23ee2a0_0;
    %concat/vec4; draw_concat_vec4
    %load/vec4 v0000022fb23ee7a0_0;
    %concat/vec4; draw_concat_vec4
    %store/vec4 v0000022fb23f1360_0, 0, 32;
    %jmp T_18.17;
T_18.16 ;
    %load/vec4 v0000022fb23f0e60_0;
    %store/vec4 v0000022fb23f1360_0, 0, 32;
    %load/vec4 v0000022fb23f12c0_0;
    %store/vec4 v0000022fb23f19a0_0, 0, 1;
    %load/vec4 v0000022fb23f0fa0_0;
    %flag_set/vec4 8;
    %flag_get/vec4 8;
    %jmp/0 T_18.18, 8;
    %load/vec4 v0000022fb23f12c0_0;
    %nor/r;
    %and;
T_18.18;
    %store/vec4 v0000022fb23f1900_0, 0, 1;
T_18.17 ;
T_18.15 ;
T_18.12 ;
T_18.10 ;
T_18.8 ;
T_18.4 ;
T_18.1 ;
    %jmp T_18;
    .thread T_18, $push;
    .scope S_0000022fb238e6b0;
T_19 ;
    %wait E_0000022fb2367f70;
    %load/vec4 v0000022fb23ebf00_0;
    %pad/s 32;
    %cmpi/s 0, 0, 32;
    %flag_or 5, 4; GT is !LE
    %flag_inv 5;
    %jmp/0xz  T_19.0, 5;
    %load/vec4 v0000022fb23ec7f0_0;
    %store/vec4 v0000022fb23ed650_0, 0, 1;
    %load/vec4 v0000022fb23ea2e0_0;
    %store/vec4 v0000022fb23eb780_0, 0, 8;
    %load/vec4 v0000022fb23ea600_0;
    %store/vec4 v0000022fb23ea920_0, 0, 24;
    %load/vec4 v0000022fb23eddd0_0;
    %store/vec4 v0000022fb23ec6b0_0, 0, 1;
    %load/vec4 v0000022fb23ea880_0;
    %store/vec4 v0000022fb23ea9c0_0, 0, 24;
    %load/vec4 v0000022fb23ebf00_0;
    %store/vec4 v0000022fb23ec4d0_0, 0, 9;
    %jmp T_19.1;
T_19.0 ;
    %load/vec4 v0000022fb23ebf00_0;
    %pad/s 32;
    %cmpi/s 0, 0, 32;
    %jmp/0xz  T_19.2, 5;
    %load/vec4 v0000022fb23eddd0_0;
    %store/vec4 v0000022fb23ed650_0, 0, 1;
    %load/vec4 v0000022fb23ea100_0;
    %store/vec4 v0000022fb23eb780_0, 0, 8;
    %load/vec4 v0000022fb23ea880_0;
    %store/vec4 v0000022fb23ea920_0, 0, 24;
    %load/vec4 v0000022fb23ec7f0_0;
    %store/vec4 v0000022fb23ec6b0_0, 0, 1;
    %load/vec4 v0000022fb23ea600_0;
    %store/vec4 v0000022fb23ea9c0_0, 0, 24;
    %load/vec4 v0000022fb23ebf00_0;
    %inv;
    %pushi/vec4 1, 0, 9;
    %add;
    %store/vec4 v0000022fb23ec4d0_0, 0, 9;
    %jmp T_19.3;
T_19.2 ;
    %load/vec4 v0000022fb23ea880_0;
    %load/vec4 v0000022fb23ea600_0;
    %cmp/u;
    %flag_or 5, 4;
    %jmp/0xz  T_19.4, 5;
    %load/vec4 v0000022fb23ec7f0_0;
    %store/vec4 v0000022fb23ed650_0, 0, 1;
    %load/vec4 v0000022fb23ea2e0_0;
    %store/vec4 v0000022fb23eb780_0, 0, 8;
    %load/vec4 v0000022fb23ea600_0;
    %store/vec4 v0000022fb23ea920_0, 0, 24;
    %load/vec4 v0000022fb23eddd0_0;
    %store/vec4 v0000022fb23ec6b0_0, 0, 1;
    %load/vec4 v0000022fb23ea880_0;
    %store/vec4 v0000022fb23ea9c0_0, 0, 24;
    %jmp T_19.5;
T_19.4 ;
    %load/vec4 v0000022fb23eddd0_0;
    %store/vec4 v0000022fb23ed650_0, 0, 1;
    %load/vec4 v0000022fb23ea100_0;
    %store/vec4 v0000022fb23eb780_0, 0, 8;
    %load/vec4 v0000022fb23ea880_0;
    %store/vec4 v0000022fb23ea920_0, 0, 24;
    %load/vec4 v0000022fb23ec7f0_0;
    %store/vec4 v0000022fb23ec6b0_0, 0, 1;
    %load/vec4 v0000022fb23ea600_0;
    %store/vec4 v0000022fb23ea9c0_0, 0, 24;
T_19.5 ;
    %pushi/vec4 0, 0, 9;
    %store/vec4 v0000022fb23ec4d0_0, 0, 9;
T_19.3 ;
T_19.1 ;
    %jmp T_19;
    .thread T_19, $push;
    .scope S_0000022fb238e6b0;
T_20 ;
    %wait E_0000022fb2368330;
    %load/vec4 v0000022fb23eaec0_0;
    %flag_set/vec4 8;
    %jmp/0xz  T_20.0, 8;
    %pushi/vec4 0, 0, 27;
    %store/vec4 v0000022fb23eb640_0, 0, 27;
    %pushi/vec4 0, 0, 1;
    %store/vec4 v0000022fb23ed290_0, 0, 1;
    %jmp T_20.1;
T_20.0 ;
    %load/vec4 v0000022fb23ea9c0_0;
    %concati/vec4 0, 0, 3;
    %ix/getv 4, v0000022fb23ebe60_0;
    %shiftr 4;
    %store/vec4 v0000022fb23eb640_0, 0, 27;
    %load/vec4 v0000022fb23ea9c0_0;
    %concati/vec4 0, 0, 3;
    %pushi/vec4 1, 0, 27;
    %ix/getv 4, v0000022fb23ebe60_0;
    %shiftl 4;
    %subi 1, 0, 27;
    %and;
    %or/r;
    %store/vec4 v0000022fb23ed290_0, 0, 1;
T_20.1 ;
    %jmp T_20;
    .thread T_20, $push;
    .scope S_0000022fb238e6b0;
T_21 ;
    %wait E_0000022fb23679b0;
    %load/vec4 v0000022fb23eb960_0;
    %pushi/vec4 0, 0, 28;
    %cmp/e;
    %flag_get/vec4 4;
    %store/vec4 v0000022fb23eb8c0_0, 0, 1;
    %load/vec4 v0000022fb23ed6f0_0;
    %nor/r;
    %flag_set/vec4 8;
    %jmp/0xz  T_21.0, 8;
    %load/vec4 v0000022fb23eb8c0_0;
    %flag_set/vec4 8;
    %jmp/0xz  T_21.2, 8;
    %pushi/vec4 0, 0, 28;
    %store/vec4 v0000022fb23eb6e0_0, 0, 28;
    %pushi/vec4 0, 0, 9;
    %store/vec4 v0000022fb23ebbe0_0, 0, 9;
    %jmp T_21.3;
T_21.2 ;
    %load/vec4 v0000022fb23eb960_0;
    %parti/s 1, 26, 6;
    %flag_set/vec4 8;
    %jmp/0xz  T_21.4, 8;
    %load/vec4 v0000022fb23eb960_0;
    %store/vec4 v0000022fb23eb6e0_0, 0, 28;
    %load/vec4 v0000022fb23eb780_0;
    %pad/u 9;
    %store/vec4 v0000022fb23ebbe0_0, 0, 9;
    %jmp T_21.5;
T_21.4 ;
    %load/vec4 v0000022fb23eb960_0;
    %parti/s 27, 0, 2;
    %store/vec4 v0000022fb236de80_0, 0, 27;
    %callf/vec4 TD_Tb_dump_approx_add.dut2.lzc27, S_0000022fb22e06d0;
    %store/vec4 v0000022fb23eb5a0_0, 0, 5;
    %load/vec4 v0000022fb23eb960_0;
    %ix/getv 4, v0000022fb23eb5a0_0;
    %shiftl 4;
    %store/vec4 v0000022fb23eb6e0_0, 0, 28;
    %load/vec4 v0000022fb23eb780_0;
    %pad/u 9;
    %load/vec4 v0000022fb23eb5a0_0;
    %pad/u 9;
    %sub;
    %store/vec4 v0000022fb23ebbe0_0, 0, 9;
T_21.5 ;
T_21.3 ;
    %jmp T_21.1;
T_21.0 ;
    %load/vec4 v0000022fb23eb960_0;
    %parti/s 1, 27, 6;
    %flag_set/vec4 8;
    %jmp/0xz  T_21.6, 8;
    %pushi/vec4 0, 0, 1;
    %load/vec4 v0000022fb23eb960_0;
    %parti/s 27, 1, 2;
    %concat/vec4; draw_concat_vec4
    %store/vec4 v0000022fb23eb6e0_0, 0, 28;
    %load/vec4 v0000022fb23eb6e0_0;
    %parti/s 1, 0, 2;
    %load/vec4 v0000022fb23eb960_0;
    %parti/s 1, 0, 2;
    %or;
    %ix/load 4, 0, 0;
    %flag_set/imm 4, 0;
    %store/vec4 v0000022fb23eb6e0_0, 4, 1;
    %load/vec4 v0000022fb23eb780_0;
    %pad/u 9;
    %addi 1, 0, 9;
    %store/vec4 v0000022fb23ebbe0_0, 0, 9;
    %jmp T_21.7;
T_21.6 ;
    %load/vec4 v0000022fb23eb960_0;
    %store/vec4 v0000022fb23eb6e0_0, 0, 28;
    %load/vec4 v0000022fb23eb780_0;
    %pad/u 9;
    %store/vec4 v0000022fb23ebbe0_0, 0, 9;
T_21.7 ;
T_21.1 ;
    %jmp T_21;
    .thread T_21, $push;
    .scope S_0000022fb238e6b0;
T_22 ;
    %wait E_0000022fb2367830;
    %load/vec4 v0000022fb23ea6a0_0;
    %parti/s 1, 24, 6;
    %flag_set/vec4 8;
    %jmp/0xz  T_22.0, 8;
    %load/vec4 v0000022fb23ea6a0_0;
    %parti/s 24, 1, 2;
    %store/vec4 v0000022fb23ea420_0, 0, 24;
    %load/vec4 v0000022fb23ebbe0_0;
    %addi 1, 0, 9;
    %store/vec4 v0000022fb23eab00_0, 0, 9;
    %jmp T_22.1;
T_22.0 ;
    %load/vec4 v0000022fb23ea6a0_0;
    %parti/s 24, 0, 2;
    %store/vec4 v0000022fb23ea420_0, 0, 24;
    %load/vec4 v0000022fb23ebbe0_0;
    %store/vec4 v0000022fb23eab00_0, 0, 9;
T_22.1 ;
    %jmp T_22;
    .thread T_22, $push;
    .scope S_0000022fb238e6b0;
T_23 ;
    %wait E_0000022fb2368230;
    %pushi/vec4 0, 0, 1;
    %store/vec4 v0000022fb23eb140_0, 0, 1;
    %pushi/vec4 0, 0, 1;
    %store/vec4 v0000022fb23eca70_0, 0, 1;
    %pushi/vec4 0, 0, 1;
    %store/vec4 v0000022fb23eb460_0, 0, 1;
    %load/vec4 v0000022fb23ebd20_0;
    %flag_set/vec4 8;
    %jmp/1 T_23.2, 8;
    %load/vec4 v0000022fb23eb0a0_0;
    %flag_set/vec4 9;
    %flag_or 8, 9;
T_23.2;
    %jmp/0xz  T_23.0, 8;
    %load/vec4 v0000022fb23eb1e0_0;
    %store/vec4 v0000022fb23eba00_0, 0, 32;
    %pushi/vec4 1, 0, 1;
    %store/vec4 v0000022fb23eb460_0, 0, 1;
    %jmp T_23.1;
T_23.0 ;
    %load/vec4 v0000022fb23ea060_0;
    %flag_set/vec4 10;
    %flag_get/vec4 10;
    %jmp/0 T_23.6, 10;
    %load/vec4 v0000022fb23eac40_0;
    %and;
T_23.6;
    %flag_set/vec4 9;
    %flag_get/vec4 9;
    %jmp/0 T_23.5, 9;
    %load/vec4 v0000022fb23ec7f0_0;
    %load/vec4 v0000022fb23eddd0_0;
    %cmp/ne;
    %flag_get/vec4 4;
    %and;
T_23.5;
    %flag_set/vec4 8;
    %jmp/0xz  T_23.3, 8;
    %load/vec4 v0000022fb23eb1e0_0;
    %store/vec4 v0000022fb23eba00_0, 0, 32;
    %pushi/vec4 1, 0, 1;
    %store/vec4 v0000022fb23eb460_0, 0, 1;
    %jmp T_23.4;
T_23.3 ;
    %load/vec4 v0000022fb23ea060_0;
    %flag_set/vec4 8;
    %jmp/0xz  T_23.7, 8;
    %load/vec4 v0000022fb23ec7f0_0;
    %concati/vec4 255, 0, 8;
    %concati/vec4 0, 0, 23;
    %store/vec4 v0000022fb23eba00_0, 0, 32;
    %jmp T_23.8;
T_23.7 ;
    %load/vec4 v0000022fb23eac40_0;
    %flag_set/vec4 8;
    %jmp/0xz  T_23.9, 8;
    %load/vec4 v0000022fb23eddd0_0;
    %concati/vec4 255, 0, 8;
    %concati/vec4 0, 0, 23;
    %store/vec4 v0000022fb23eba00_0, 0, 32;
    %jmp T_23.10;
T_23.9 ;
    %load/vec4 v0000022fb23eb000_0;
    %flag_set/vec4 9;
    %flag_get/vec4 9;
    %jmp/0 T_23.13, 9;
    %load/vec4 v0000022fb23ea7e0_0;
    %and;
T_23.13;
    %flag_set/vec4 8;
    %jmp/0xz  T_23.11, 8;
    %load/vec4 v0000022fb23ec7f0_0;
    %load/vec4 v0000022fb23eddd0_0;
    %and;
    %concati/vec4 0, 0, 31;
    %store/vec4 v0000022fb23eba00_0, 0, 32;
    %jmp T_23.12;
T_23.11 ;
    %load/vec4 v0000022fb23eb000_0;
    %flag_set/vec4 8;
    %jmp/0xz  T_23.14, 8;
    %load/vec4 v0000022fb23eddd0_0;
    %load/vec4 v0000022fb23ea100_0;
    %concat/vec4; draw_concat_vec4
    %load/vec4 v0000022fb23ea4c0_0;
    %concat/vec4; draw_concat_vec4
    %store/vec4 v0000022fb23eba00_0, 0, 32;
    %jmp T_23.15;
T_23.14 ;
    %load/vec4 v0000022fb23ea7e0_0;
    %flag_set/vec4 8;
    %jmp/0xz  T_23.16, 8;
    %load/vec4 v0000022fb23ec7f0_0;
    %load/vec4 v0000022fb23ea2e0_0;
    %concat/vec4; draw_concat_vec4
    %load/vec4 v0000022fb23ea1a0_0;
    %concat/vec4; draw_concat_vec4
    %store/vec4 v0000022fb23eba00_0, 0, 32;
    %jmp T_23.17;
T_23.16 ;
    %load/vec4 v0000022fb23eaf60_0;
    %store/vec4 v0000022fb23eba00_0, 0, 32;
    %load/vec4 v0000022fb23eae20_0;
    %store/vec4 v0000022fb23eb140_0, 0, 1;
    %load/vec4 v0000022fb23ebdc0_0;
    %flag_set/vec4 8;
    %flag_get/vec4 8;
    %jmp/0 T_23.18, 8;
    %load/vec4 v0000022fb23eae20_0;
    %nor/r;
    %and;
T_23.18;
    %store/vec4 v0000022fb23eca70_0, 0, 1;
T_23.17 ;
T_23.15 ;
T_23.12 ;
T_23.10 ;
T_23.8 ;
T_23.4 ;
T_23.1 ;
    %jmp T_23;
    .thread T_23, $push;
    .scope S_0000022fb236e910;
T_24 ;
    %pushi/vec4 0, 0, 32;
    %store/vec4 v0000022fb23fcb60_0, 0, 32;
    %pushi/vec4 0, 0, 32;
    %store/vec4 v0000022fb23ff360_0, 0, 32;
    %vpi_func 2 20 "$fopen" 32, "Vector_add.txt", "r" {0 0 0};
    %store/vec4 v0000022fb23ff900_0, 0, 32;
    %vpi_func 2 21 "$fopen" 32, "Approx_add.txt", "w" {0 0 0};
    %store/vec4 v0000022fb23ff4a0_0, 0, 32;
T_24.0 ;
    %vpi_func 2 23 "$feof" 32, v0000022fb23ff900_0 {0 0 0};
    %nor/r;
    %flag_set/vec4 8;
    %jmp/0xz T_24.1, 8;
    %vpi_func 2 24 "$fscanf" 32, v0000022fb23ff900_0, "%h %h %d %h\012", v0000022fb23ff0e0_0, v0000022fb23ff220_0, v0000022fb23fd420_0, v0000022fb23ff400_0 {0 0 0};
    %store/vec4 v0000022fb23fcca0_0, 0, 32;
    %load/vec4 v0000022fb23fcca0_0;
    %cmpi/e 4, 0, 32;
    %jmp/0xz  T_24.2, 4;
    %load/vec4 v0000022fb23fcb60_0;
    %addi 1, 0, 32;
    %store/vec4 v0000022fb23fcb60_0, 0, 32;
    %delay 1000, 0;
    %load/vec4 v0000022fb23fd880_0;
    %load/vec4 v0000022fb23ff400_0;
    %cmp/ne;
    %jmp/0xz  T_24.4, 6;
    %load/vec4 v0000022fb23ff360_0;
    %addi 1, 0, 32;
    %store/vec4 v0000022fb23ff360_0, 0, 32;
T_24.4 ;
    %vpi_call 2 29 "$fwrite", v0000022fb23ff4a0_0, "%h %h %b %h %h %h %h\012", v0000022fb23ff0e0_0, v0000022fb23ff220_0, v0000022fb23fd420_0, v0000022fb23ff400_0, v0000022fb23fe6e0_0, v0000022fb23fdce0_0, v0000022fb23fd380_0 {0 0 0};
T_24.2 ;
    %jmp T_24.0;
T_24.1 ;
    %vpi_call 2 33 "$fclose", v0000022fb23ff900_0 {0 0 0};
    %vpi_call 2 34 "$fclose", v0000022fb23ff4a0_0 {0 0 0};
    %vpi_call 2 35 "$display", "MAX_SHIFT=27 sanity: Total=%0d Errors=%0d (should be 0)", v0000022fb23fcb60_0, v0000022fb23ff360_0 {0 0 0};
    %vpi_call 2 36 "$display", "Dumped %0d rows to approx_add_results.txt", v0000022fb23fcb60_0 {0 0 0};
    %vpi_call 2 37 "$finish" {0 0 0};
    %end;
    .thread T_24;
# The file index is used to find the file name in the following table.
:file_names 4;
    "N/A";
    "<interactive>";
    "Tb_dump_approx_add.v";
    "./FP_adder_subtractor_approx.v";
